PAX_ID,DATA_VERSION_ID,DATA_VERSION_KIND_ID,DATA_VERSION_NAME,DATA_SOURCE_ID,DATA_SOURCE_NAME,YEAR_NUM,MONTH_NUM,DATE,PORT_CODE_ID,IATA_CODE,IATA_ORIGIN,VP_REGION_NAME,VP_AREA_NAME,DF_MARKET_NAME,VP_REGION_ID,VP_AREA_ID,DF_MARKET_ID,COUNTRY_NAME,COUNTRY_ORIGIN_NAME,TRADE_CHANNEL_CODE,TRADE_CHANNEL_NAME,PORT_NAME,PORT_ORIGIN,TERMINAL_NAME,NATIONALITY,NATIONALITY_COUNTRY,CITIZEN_NATIONALITY,IS_FOREIGNER,DATA_TYPE,DOM_INTL,VALIDITY_DESC,DEPARTURE_ARRIVAL,PAX_QUANTITY,IS_CONNECTING,DF_DP_DESTINATION,DF_DP_DIRECT,UPCOMING_FLIGHT,IATA_DIRECT,AIRPORT_DIRECT,COUNTRY_DIRECT,IATA_DESTINATION,AIRPORT_DESTINATION,COUNTRY_DESTINATION
6199259265,2340,33,Pax 2023,3,M1ndset Nationalities,2023,5,1.05.2023,573,MAN,MAN,Europe,EU West,Great Britain,100,242,118,United Kingdom,United Kingdom,AI,Airports,Manchester Airport,Manchester Airport,Terminal 3,Nigeria,Nigeria,Nigeria,Y,I,International,Actual,A,0.37,N,,,,,,,,,
5614186055,2796,33,Pax 2026,3,M1ndset Nationalities,2026,10,1.10.2026,859,SJO,SJO,Americas,Central America,Costa Rica,107,172,26,Costa Rica,Costa Rica,AI,Airports,Juan Santamaria Intl Airport,Juan Santamaria Intl Airport,Main Terminal,Nepal,Nepal,Nepal,Y,I,International,Forecast,D,0.006,N,,,,,,,,,
5614070534,2800,33,Pax 2030,3,M1ndset Nationalities,2030,1,1.01.2030,767,PUY,PUY,Eurasia,Balkans,Croatia,130,245,27,Croatia,Croatia,AI,Airports,Pula Airport,Pula Airport,Main Terminal,South Africa,South Africa,South Africa,Y,I,International,Forecast,D,0.075,N,,,,,,,,,
8141853422,2798,33,Pax 2028,3,M1ndset Nationalities,2028,12,1.12.2028,1115,IXM,IXM,Middle East,ISC & Afghanistan,India,110,183,53,India,India,AI,Airports,Madurai Airport,Madurai Airport,Main Terminal,Singapore,Singapore,Singapore,Y,I,International,Forecast,D,0.191,N,,,,,,,,,
7021886767,2342,33,Pax 2025,3,M1ndset Nationalities,2025,5,1.05.2025,1526,CXR,CXR,China and SEA,Indochina,Vietnam,104,280,125,Vietnam,Vietnam,AI,Airports,Cam Ranh Intl Airport,Cam Ranh Intl Airport,Main Terminal,China,China,China,Y,I,International,Forecast,D,5.98,N,,,,,,,,,
5613672397,2806,33,Pax 2036,3,M1ndset Nationalities,2036,1,1.01.2036,1032,YQT,YQT,Americas,Canada,Canada,107,289,208,Canada,Canada,AI,Airports,Thunder Bay Airport,Thunder Bay Airport,Main Terminal,Italy,Italy,Italy,Y,I,International,Forecast,A,0.006,N,,,,,,,,,
5902308520,2796,33,Pax 2026,3,M1ndset Nationalities,2026,12,1.12.2026,338,GCI,GCI,Europe,EU West,Great Britain,100,242,118,United Kingdom,United Kingdom,AI,Airports,Guernsey Airport,Guernsey Airport,Main Terminal,Eritrea,Eritrea,Eritrea,Y,D,Domestic,Forecast,A,0.006,N,,,,,,,,,
6806483990,2340,33,Pax 2023,3,M1ndset Nationalities,2023,11,1.11.2023,38,AKL,AKL,China and SEA,Australia,New Zealand,104,176,158,New Zealand,New Zealand,AI,Airports,Auckland Airport,Auckland Airport,Main Terminal,Malaysia,Malaysia,Malaysia,Y,D,Domestic,Actual,A,0.468,N,,,,,,,,,
7571251691,2341,33,Pax 2024,3,M1ndset Nationalities,2024,7,1.07.2024,4749,KUT,KUT,Eurasia,Eastern Europe,Georgia,130,128,43,Georgia,Georgia,AI,Airports,David the Builder Kutaisi Intl Airport,David the Builder Kutaisi Intl Airport,Main Terminal,Saudi Arabia,Saudi Arabia,Saudi Arabia,Y,I,International,Actual,D,0.037,N,,,,,,,,,
5611443227,2796,33,Pax 2026,3,M1ndset Nationalities,2026,3,1.03.2026,6004,PEW,PEW,Middle East,ISC & Afghanistan,Pakistan,110,183,85,Pakistan,Pakistan,AI,Airports,Peshawar Airport,Peshawar Airport,Main Terminal,Belgium,Belgium,Belgium,Y,I,International,Forecast,D,0.006,N,,,,,,,,,
6396783077,2340,33,Pax 2023,3,M1ndset Nationalities,2023,7,1.07.2023,133,BOM,BOM,Middle East,ISC & Afghanistan,India,110,183,53,India,India,AI,Airports,Chhatrapati Shivaji Intl Airport,Chhatrapati Shivaji Intl Airport,Terminal 1,Indonesia,Indonesia,Indonesia,Y,I,International,Actual,A,0.016,N,,,,,,,,,
6913847483,2797,33,Pax 2027,3,M1ndset Nationalities,2027,11,1.11.2027,2119,BET,BET,Americas,USA DF,United States,107,177,119,USA,USA,AI,Airports,Bethel Airport,Bethel Airport,Main Terminal,Guatemala,Guatemala,Guatemala,Y,D,Domestic,Forecast,D,0.02,N,,,,,,,,,
6913847483,2797,33,Pax 2027,3,M1ndset Nationalities,2027,11,1.11.2027,2119,BET,BET,Americas,USA DF,United States,107,177,119,USA,USA,AI,Airports,Bethel Airport,Bethel Airport,Main Terminal,Guatemala,Guatemala,Guatemala,Y,D,Domestic,Forecast,D,0.02,N,,,,,,,,,
6912291414,2797,33,Pax 2027,3,M1ndset Nationalities,2027,8,1.08.2027,131,BOI,BOI,Americas,USA DF,United States,107,177,119,USA,USA,AI,Airports,Boise Air Terminal,Boise Air Terminal,Main Terminal,China,China,China,Y,D,Domestic,Forecast,D,0.008,Y,,,,,,,,,
7682363028,2341,33,Pax 2024,3,M1ndset Nationalities,2024,8,1.08.2024,854,SIN,SIN,China and SEA,Asia South-east,Singapore,104,174,101,Singapore,Singapore,AI,Airports,Singapore Changi Airport,Singapore Changi Airport,Main Terminal,Jordan,Jordan,Jordan,Y,I,International,Actual,A,0.035,N,,,,,,,,,
5611044837,2796,33,Pax 2026,3,M1ndset Nationalities,2026,5,1.05.2026,797,RIX,RIX,Europe,EU East,Latvia,100,244,67,Latvia,Latvia,AI,Airports,Riga Intl Airport,Riga Intl Airport,Main Terminal,Russian Fed.,Russian Fed.,Russian Fed.,Y,I,International,Forecast,D,0.173,N,,,,,,,,,
6914871619,2797,33,Pax 2027,3,M1ndset Nationalities,2027,7,1.07.2027,49,ANC,ANC,Americas,USA DF,United States,107,177,119,USA,USA,AI,Airports,Ted Stevens Anchorage Intl Airport,Ted Stevens Anchorage Intl Airport,Main Terminal,Uruguay,Uruguay,Uruguay,Y,D,Domestic,Forecast,D,0.004,Y,,,,,,,,,
6914871619,2797,33,Pax 2027,3,M1ndset Nationalities,2027,7,1.07.2027,49,ANC,ANC,Americas,USA DF,United States,107,177,119,USA,USA,AI,Airports,Ted Stevens Anchorage Intl Airport,Ted Stevens Anchorage Intl Airport,Main Terminal,Uruguay,Uruguay,Uruguay,Y,D,Domestic,Forecast,D,0.004,Y,,,,,,,,,
5608342668,2342,33,Pax 2025,3,M1ndset Nationalities,2025,9,1.09.2025,74,AYT,AYT,Eurasia,Turkey,Turkey,130,181,116,Turkey,Turkey,AI,Airports,Antalya Airport,Antalya Airport,Main Terminal,New Zealand,New Zealand,New Zealand,Y,I,International,Forecast,D,0.109,N,,,,,,,,,
8379008231,2342,33,Pax 2025,3,M1ndset Nationalities,2025,2,1.02.2025,21,ADD,ADD,Africa,East Africa,Ethiopia,120,247,37,Ethiopia,Ethiopia,AI,Airports,Bole Intl Airport,Bole Intl Airport,Main Terminal,Rwanda,Rwanda,Rwanda,Y,I,International,Actual,A,0.321,N,,,,,,,,,
5612940637,2805,33,Pax 2035,3,M1ndset Nationalities,2035,1,1.01.2035,875,SNA,SNA,Americas,USA DF,United States,107,177,119,USA,USA,AI,Airports,John Wayne Airport (Orange County Airport),John Wayne Airport (Orange County Airport),Main Terminal,Netherlands,Netherlands,Netherlands,Y,I,International,Forecast,A,0.094,N,,,,,,,,,
6911876926,2797,33,Pax 2027,3,M1ndset Nationalities,2027,12,1.12.2027,301,EZE,EZE,Americas,South America,Argentina,107,287,3,Argentina,Argentina,AI,Airports,Ministro Pistarini Intl Airport,Ministro Pistarini Intl Airport,Main Terminal,USA,USA,USA,Y,I,International,Forecast,D,44.548,N,,,,,,,,,
6914885725,2797,33,Pax 2027,3,M1ndset Nationalities,2027,5,1.05.2027,500,KWI,KWI,Middle East,GCC & Yemen,Kuwait,110,302,64,Kuwait,Kuwait,AI,Airports,Kuwait Intl Airport,Kuwait Intl Airport,Main Terminal,Croatia,Croatia,Croatia,Y,I,International,Forecast,D,0.007,N,,,,,,,,,
5906073673,2796,33,Pax 2026,3,M1ndset Nationalities,2026,8,1.08.2026,708,PAD,PAD,Europe,EU East,Germany,100,244,44,Germany,Germany,AI,Airports,Paderborn/Lippstadt Airport,Paderborn/Lippstadt Airport,Main Terminal,Guinea,Guinea,Guinea,Y,I,International,Forecast,D,0.002,N,,,,,,,,,
7461062333,2341,33,Pax 2024,3,M1ndset Nationalities,2024,6,1.06.2024,728,PHX,PHX,Americas,USA DF,United States,107,177,119,USA,USA,AI,Airports,Phoenix Sky Harbor Intl Airport,Phoenix Sky Harbor Intl Airport,Main Terminal,St. Vincent,St. Vincent,St. Vincent,Y,D,Domestic,Actual,D,0.022,Y,,,,,,,,,
7461062333,2341,33,Pax 2024,3,M1ndset Nationalities,2024,6,1.06.2024,728,PHX,PHX,Americas,USA DF,United States,107,177,119,USA,USA,AI,Airports,Phoenix Sky Harbor Intl Airport,Phoenix Sky Harbor Intl Airport,Main Terminal,St. Vincent,St. Vincent,St. Vincent,Y,D,Domestic,Actual,D,0.022,Y,,,,,,,,,
7460908993,2341,33,Pax 2024,3,M1ndset Nationalities,2024,6,1.06.2024,5978,PBC,PBC,Americas,Mexico & Belize,Mexico,107,257,77,Mexico,Mexico,AI,Airports,Hermanos Serdan Intl Airport,Hermanos Serdan Intl Airport,Main Terminal,South Korea,South Korea,South Korea,Y,I,International,Actual,D,0.002,N,,,,,,,,,
7795008452,2341,33,Pax 2024,3,M1ndset Nationalities,2024,9,1.09.2024,531,LGW,LGW,Europe,EU West,Great Britain,100,242,118,United Kingdom,United Kingdom,AI,Airports,Gatwick Airport,Gatwick Airport,Main Terminal,Somalia,Somalia,Somalia,Y,I,International,Actual,A,0.127,N,,,,,,,,,
5903770551,2342,33,Pax 2025,3,M1ndset Nationalities,2025,4,1.04.2025,3623,GFK,GFK,Americas,USA DF,United States,107,177,119,USA,USA,AI,Airports,Grand Forks Intl Airport,Grand Forks Intl Airport,Main Terminal,Guatemala,Guatemala,Guatemala,Y,D,Domestic,Forecast,A,0.013,N,,,,,,,,,
5903770551,2342,33,Pax 2025,3,M1ndset Nationalities,2025,4,1.04.2025,3623,GFK,GFK,Americas,USA DF,United States,107,177,119,USA,USA,AI,Airports,Grand Forks Intl Airport,Grand Forks Intl Airport,Main Terminal,Guatemala,Guatemala,Guatemala,Y,D,Domestic,Forecast,A,0.013,N,,,,,,,,,
6297976703,2340,33,Pax 2023,3,M1ndset Nationalities,2023,6,1.06.2023,7565,YQU,YQU,Americas,Canada,Canada,107,289,208,Canada,Canada,AI,Airports,Grande Prairie Airport,Grande Prairie Airport,Main Terminal,Algeria,Algeria,Algeria,Y,D,Domestic,Actual,D,0.007,N,,,,,,,,,
5902299668,2796,33,Pax 2026,3,M1ndset Nationalities,2026,11,1.11.2026,314,FLL,FLL,Americas,USA DF,United States,107,177,119,USA,USA,AI,Airports,Fort Lauderdale-Hollywood Intl Airport,Fort Lauderdale-Hollywood Intl Airport,Main Terminal,Kazakhstan,Kazakhstan,Kazakhstan,Y,I,International,Forecast,D,0.001,Y,,,,,,,,,
2574705624,2804,33,Pax 2034,3,M1ndset Nationalities,2034,1,1.01.2034,64,ATL,ATL,Americas,USA DF,United States,107,177,119,USA,USA,AI,Airports,Hartsfield-Jackson Atlanta Intl Airport,Hartsfield-Jackson Atlanta Intl Airport,Main Terminal,Australia,Australia,Australia,Y,D,Domestic,Forecast,A,6.192,N,,,,,,,,,
5613952122,2806,33,Pax 2036,3,M1ndset Nationalities,2036,1,1.01.2036,889,STN,STN,Europe,EU West,Great Britain,100,242,118,United Kingdom,United Kingdom,AI,Airports,London Stansted Airport,London Stansted Airport,Main Terminal,Guatemala,Guatemala,Guatemala,Y,I,International,Forecast,D,0.024,N,,,,,,,,,
5613952122,2806,33,Pax 2036,3,M1ndset Nationalities,2036,1,1.01.2036,889,STN,STN,Europe,EU West,Great Britain,100,242,118,United Kingdom,United Kingdom,AI,Airports,London Stansted Airport,London Stansted Airport,Main Terminal,Guatemala,Guatemala,Guatemala,Y,I,International,Forecast,D,0.024,N,,,,,,,,,
7352199194,2341,33,Pax 2024,3,M1ndset Nationalities,2024,5,1.05.2024,821,SAV,SAV,Americas,USA DF,United States,107,177,119,USA,USA,AI,Airports,Savannah/Hilton Head Intl Airport,Savannah/Hilton Head Intl Airport,Main Terminal,Bahamas,Bahamas,Bahamas,Y,D,Domestic,Actual,D,0.011,N,,,,,,,,,
7352199194,2341,33,Pax 2024,3,M1ndset Nationalities,2024,5,1.05.2024,821,SAV,SAV,Americas,USA DF,United States,107,177,119,USA,USA,AI,Airports,Savannah/Hilton Head Intl Airport,Savannah/Hilton Head Intl Airport,Main Terminal,Bahamas,Bahamas,Bahamas,Y,D,Domestic,Actual,D,0.011,N,,,,,,,,,
5613042821,2796,33,Pax 2026,3,M1ndset Nationalities,2026,10,1.10.2026,851,SHJ,SHJ,Middle East,GCC & Yemen,United Arab Emirates,110,302,121,UAE,UAE,AI,Airports,Sharjah Intl Airport,Sharjah Intl Airport,Main Terminal,Thailand,Thailand,Thailand,Y,I,International,Forecast,D,0.454,N,,,,,,,,,
8143001177,2798,33,Pax 2028,3,M1ndset Nationalities,2028,7,1.07.2028,248,DFW,DFW,Americas,USA DF,United States,107,177,119,USA,USA,AI,Airports,Dallas/Fort Worth Intl Airport,Dallas/Fort Worth Intl Airport,Main Terminal,Iraq,Iraq,Iraq,Y,D,Domestic,Forecast,D,1.182,N,,,,,,,,,
8141024986,2798,33,Pax 2028,3,M1ndset Nationalities,2028,2,1.02.2028,496,KUL,KUL,China and SEA,Asia South-east,Malaysia,104,174,72,Malaysia,Malaysia,AI,Airports,Kuala Lumpur Intl Airport,Kuala Lumpur Intl Airport,Main Terminal,Nepal,Nepal,Nepal,Y,I,International,Forecast,A,36.128,N,,,,,,,,,
8140176724,2798,33,Pax 2028,3,M1ndset Nationalities,2028,4,1.04.2028,878,SOU,SOU,Europe,EU West,Great Britain,100,242,118,United Kingdom,United Kingdom,AI,Airports,Southampton Airport,Southampton Airport,Main Terminal,Algeria,Algeria,Algeria,Y,I,International,Forecast,A,0.002,N,,,,,,,,,
5905452287,2796,33,Pax 2026,3,M1ndset Nationalities,2026,3,1.03.2026,6880,TUU,TUU,Middle East,GCC & Yemen,Saudi Arabia,110,302,98,Saudi Arabia,Saudi Arabia,AI,Airports,Tabuk Regional Airport,Tabuk Regional Airport,Main Terminal,Kenya,Kenya,Kenya,Y,I,International,Forecast,A,0.015,N,,,,,,,,,
6913013788,2797,33,Pax 2027,3,M1ndset Nationalities,2027,10,1.10.2027,3155,DWC,DWC,Middle East,GCC & Yemen,United Arab Emirates,110,302,121,UAE,UAE,AI,Airports,Al Maktoum Intl Airport,Al Maktoum Intl Airport,Main Terminal,Pakistan,Pakistan,Pakistan,Y,I,International,Forecast,D,0.032,N,,,,,,,,,
5906639065,2342,33,Pax 2025,3,M1ndset Nationalities,2025,12,1.12.2025,1105,YXX,YXX,Americas,Canada,Canada,107,289,208,Canada,Canada,AI,Airports,Abbotsford Intl Airport,Abbotsford Intl Airport,Main Terminal,Spain,Spain,Spain,Y,D,Domestic,Forecast,D,0.007,N,,,,,,,,,
5805977710,2340,33,Pax 2023,3,M1ndset Nationalities,2023,2,1.02.2023,478,KKN,KKN,Europe,EU North,Norway,100,296,83,Norway,Norway,AI,Airports,"Kirkenes Airport, Hoybuktmoen","Kirkenes Airport, Hoybuktmoen",Main Terminal,Mexico,Mexico,Mexico,Y,D,Domestic,Actual,A,0.001,N,,,,,,,,,
5805977710,2340,33,Pax 2023,3,M1ndset Nationalities,2023,2,1.02.2023,478,KKN,KKN,Europe,EU North,Norway,100,296,83,Norway,Norway,AI,Airports,"Kirkenes Airport, Hoybuktmoen","Kirkenes Airport, Hoybuktmoen",Main Terminal,Mexico,Mexico,Mexico,Y,D,Domestic,Actual,A,0.001,N,,,,,,,,,
7130473890,2341,33,Pax 2024,3,M1ndset Nationalities,2024,2,1.02.2024,376,HAU,HAU,Europe,EU North,Norway,100,296,83,Norway,Norway,AI,Airports,"Haugesund Airport, Karmoy","Haugesund Airport, Karmoy",Main Terminal,Thailand,Thailand,Thailand,Y,I,International,Actual,A,0.006,N,,,,,,,,,
4376800215,2342,33,Pax 2025,3,M1ndset Nationalities,2025,10,1.10.2025,261,DOH,DOH,Middle East,GCC & Yemen,Qatar,110,302,92,Qatar,Qatar,AI,Airports,Hamad Intl Airport,Hamad Intl Airport,Main Terminal,Jordan,Jordan,Jordan,Y,I,International,Forecast,D,10.962,N,,,,,,,,,
5903822264,2796,33,Pax 2026,3,M1ndset Nationalities,2026,11,1.11.2026,1572,BZE,BZE,Americas,Mexico & Belize,Belize,107,257,12,Belize,Belize,AI,Airports,Philip S. W. Goldson Intl Airport,Philip S. W. Goldson Intl Airport,Main Terminal,Romania,Romania,Romania,Y,I,International,Forecast,A,0.01,N,,,,,,,,,
2576235809,2797,33,Pax 2027,3,M1ndset Nationalities,2027,1,1.01.2027,643,MUC,MUC,Europe,EU East,Germany,100,244,44,Germany,Germany,AI,Airports,Munich Airport (succeeded Munich-Riem Airport),Munich Airport (succeeded Munich-Riem Airport),Main Terminal,Vietnam,Vietnam,Vietnam,Y,I,International,Forecast,D,0.515,N,,,,,,,,,
8140844049,2798,33,Pax 2028,3,M1ndset Nationalities,2028,6,1.06.2028,812,RTB,RTB,Americas,Central America,Honduras,107,172,50,Honduras,Honduras,AI,Airports,Juan Manuel Galvez Intl Airport,Juan Manuel Galvez Intl Airport,Main Terminal,Cambodia,Cambodia,Cambodia,Y,I,International,Forecast,D,0.003,N,,,,,,,,,
6497047920,2340,33,Pax 2023,3,M1ndset Nationalities,2023,8,1.08.2023,663,NGO,NGO,Japan and Korea,Japan,Japan,109,175,59,Japan,Japan,AI,Airports,Chubu Centrair Intl Airport,Chubu Centrair Intl Airport,Main Terminal,Nepal,Nepal,Nepal,Y,I,International,Actual,D,0.081,N,,,,,,,,,
5613136320,2805,33,Pax 2035,3,M1ndset Nationalities,2035,1,1.01.2035,101,BGR,BGR,Americas,USA DF,United States,107,177,119,USA,USA,AI,Airports,Bangor Intl Airport,Bangor Intl Airport,Main Terminal,Cambodia,Cambodia,Cambodia,Y,D,Domestic,Forecast,D,0.138,N,,,,,,,,,
7794802480,2341,33,Pax 2024,3,M1ndset Nationalities,2024,9,1.09.2024,669,NOU,NOU,China and SEA,Australia,New Caledonia,104,176,157,New Caledonia,New Caledonia,AI,Airports,La Tontouta Intl Airport,La Tontouta Intl Airport,Main Terminal,China,China,China,Y,I,International,Actual,A,0.005,N,,,,,,,,,
8379226863,2342,33,Pax 2025,3,M1ndset Nationalities,2025,2,1.02.2025,268,DTW,DTW,Americas,USA DF,United States,107,177,119,USA,USA,AI,Airports,Detroit Metropolitan Wayne County Airport,Detroit Metropolitan Wayne County Airport,Main Terminal,Guyana,Guyana,Guyana,Y,D,Domestic,Actual,A,0.366,N,,,,,,,,,
8379226863,2342,33,Pax 2025,3,M1ndset Nationalities,2025,2,1.02.2025,268,DTW,DTW,Americas,USA DF,United States,107,177,119,USA,USA,AI,Airports,Detroit Metropolitan Wayne County Airport,Detroit Metropolitan Wayne County Airport,Main Terminal,Guyana,Guyana,Guyana,Y,D,Domestic,Actual,A,0.366,N,,,,,,,,,
7682409812,2341,33,Pax 2024,3,M1ndset Nationalities,2024,8,1.08.2024,58,ARN,ARN,Europe,EU North,Sweden,100,296,107,Sweden,Sweden,AI,Airports,Stockholm Arlanda Airport,Stockholm Arlanda Airport,Main Terminal,Burundi,Burundi,Burundi,Y,I,International,Actual,D,0.045,N,,,,,,,,,
5613112675,2796,33,Pax 2026,3,M1ndset Nationalities,2026,8,1.08.2026,299,EXT,EXT,Europe,EU West,Great Britain,100,242,118,United Kingdom,United Kingdom,AI,Airports,Exeter Intl Airport,Exeter Intl Airport,Main Terminal,Poland,Poland,Poland,Y,I,International,Forecast,D,0.225,N,,,,,,,,,
5905086790,2342,33,Pax 2025,3,M1ndset Nationalities,2025,11,1.11.2025,1039,YXE,YXE,Americas,Canada,Canada,107,289,208,Canada,Canada,AI,Airports,Saskatoon John G. Diefenbaker Intl Airport,Saskatoon John G. Diefenbaker Intl Airport,Main Terminal,Afghanistan,Afghanistan,Afghanistan,Y,I,International,Forecast,D,0.001,N,,,,,,,,,
7795013485,2341,33,Pax 2024,3,M1ndset Nationalities,2024,9,1.09.2024,531,LGW,LGW,Europe,EU West,Great Britain,100,242,118,United Kingdom,United Kingdom,AI,Airports,Gatwick Airport,Gatwick Airport,Main Terminal,Hungary,Hungary,Hungary,Y,I,International,Actual,D,0.001,Y,,,,,,,,,
6913883749,2797,33,Pax 2027,3,M1ndset Nationalities,2027,10,1.10.2027,133,BOM,BOM,Middle East,ISC & Afghanistan,India,110,183,53,India,India,AI,Airports,Chhatrapati Shivaji Intl Airport,Chhatrapati Shivaji Intl Airport,Main Terminal,Sierra Leone,Sierra Leone,Sierra Leone,Y,I,International,Forecast,A,0.003,N,,,,,,,,,
7571029129,2341,33,Pax 2024,3,M1ndset Nationalities,2024,7,1.07.2024,982,UME,UME,Europe,EU North,Sweden,100,296,107,Sweden,Sweden,AI,Airports,Umea City Airport,Umea City Airport,Main Terminal,Estonia,Estonia,Estonia,Y,D,Domestic,Actual,A,0.009,N,,,,,,,,,
6297841849,2340,33,Pax 2023,3,M1ndset Nationalities,2023,6,1.06.2023,532,LHR,LHR,Europe,EU West,Great Britain,100,242,118,United Kingdom,United Kingdom,AI,Airports,Heathrow Airport,Heathrow Airport,Terminal 2,Tunisia,Tunisia,Tunisia,Y,I,International,Actual,D,0.003,Y,,,,,,,,,
6912971445,2797,33,Pax 2027,3,M1ndset Nationalities,2027,1,1.01.2027,753,PRG,PRG,Europe,EU East,Czech Republic,100,244,29,Czech Republic,Czech Republic,AI,Airports,Vaclav Havel Airport Prague,Vaclav Havel Airport Prague,Main Terminal,Romania,Romania,Romania,Y,I,International,Forecast,D,0.056,Y,,,,,,,,,
8142523045,2798,33,Pax 2028,3,M1ndset Nationalities,2028,7,1.07.2028,743,PNH,PNH,China and SEA,Indochina,Cambodia,104,280,19,Cambodia,Cambodia,AI,Airports,Phnom Penh Intl Airport,Phnom Penh Intl Airport,Main Terminal,Indonesia,Indonesia,Indonesia,Y,I,International,Forecast,A,4.952,N,,,,,,,,,
5905796256,2342,33,Pax 2025,3,M1ndset Nationalities,2025,11,1.11.2025,1052,ZQN,ZQN,China and SEA,Australia,New Zealand,104,176,158,New Zealand,New Zealand,AI,Airports,Queenstown Airport,Queenstown Airport,Main Terminal,Zimbabwe,Zimbabwe,Zimbabwe,Y,I,International,Forecast,D,0.027,N,,,,,,,,,
7351699157,2341,33,Pax 2024,3,M1ndset Nationalities,2024,5,1.05.2024,573,MAN,MAN,Europe,EU West,Great Britain,100,242,118,United Kingdom,United Kingdom,AI,Airports,Manchester Airport,Manchester Airport,Terminal 2,South Korea,South Korea,South Korea,Y,I,International,Actual,D,0.002,Y,,,,,,,,,
6913095804,2340,33,Pax 2023,3,M1ndset Nationalities,2023,12,1.12.2023,248,DFW,DFW,Americas,USA DF,United States,107,177,119,USA,USA,AI,Airports,Dallas/Fort Worth Intl Airport,Dallas/Fort Worth Intl Airport,Main Terminal,North Macedonia,North Macedonia,North Macedonia,Y,D,Domestic,Actual,D,0.065,Y,,,,,,,,,
8141213774,2798,33,Pax 2028,3,M1ndset Nationalities,2028,10,1.10.2028,591,MEL,MEL,China and SEA,Australia,Australia,104,176,5,Australia,Australia,AI,Airports,Melbourne Airport,Melbourne Airport,Main Terminal,Thailand,Thailand,Thailand,Y,I,International,Forecast,D,9.108,N,,,,,,,,,
8142632539,2341,33,Pax 2024,3,M1ndset Nationalities,2024,12,1.12.2024,48,AMS,AMS,Europe,EU East,Netherlands,100,244,49,Netherlands,Netherlands,AI,Airports,Amsterdam Airport Schiphol,Amsterdam Airport Schiphol,Main Terminal,Norway,Norway,Norway,Y,I,International,Actual,D,16.137,Y,,,,,,,,,
7021869762,2341,33,Pax 2024,3,M1ndset Nationalities,2024,1,1.01.2024,988,VAR,VAR,Eurasia,Balkans,Bulgaria,130,245,18,Bulgaria,Bulgaria,AI,Airports,Varna Airport,Varna Airport,Main Terminal,Germany,Germany,Germany,Y,D,Domestic,Actual,D,0.002,N,,,,,,,,,
5806051228,2340,33,Pax 2023,3,M1ndset Nationalities,2023,2,1.02.2023,884,SRQ,SRQ,Americas,USA DF,United States,107,177,119,USA,USA,AI,Airports,Sarasota-Bradenton Intl Airport,Sarasota-Bradenton Intl Airport,Main Terminal,Lebanon,Lebanon,Lebanon,Y,D,Domestic,Actual,A,0.039,N,,,,,,,,,
7794788920,2341,33,Pax 2024,3,M1ndset Nationalities,2024,7,1.07.2024,202,CMB,CMB,Middle East,ISC & Afghanistan,Sri Lanka,110,183,106,Sri Lanka,Sri Lanka,AI,Airports,Bandaranaike Intl Airport,Bandaranaike Intl Airport,Main Terminal,Madagascar,Madagascar,Madagascar,Y,I,International,Actual,D,0.001,N,,,,,,,,,
6912104550,2797,33,Pax 2027,3,M1ndset Nationalities,2027,7,1.07.2027,505,LAX,LAX,Americas,USA DF,United States,107,177,119,USA,USA,AI,Airports,Los Angeles Intl Airport,Los Angeles Intl Airport,Main Terminal,Somalia,Somalia,Somalia,Y,I,International,Forecast,D,0.006,Y,,,,,,,,,
7130440897,2341,33,Pax 2024,3,M1ndset Nationalities,2024,3,1.03.2024,81,BCN,BCN,Europe,EU South,Spain,100,243,105,Spain,Spain,AI,Airports,Barcelona-El Prat Airport,Barcelona-El Prat Airport,Terminal 1,Kosovo,Kosovo,Kosovo,Y,I,International,Actual,D,0.113,N,,,,,,,,,
5905046547,2796,33,Pax 2026,3,M1ndset Nationalities,2026,8,1.08.2026,681,OGG,OGG,Americas,USA DF,United States,107,177,119,USA,USA,AI,Airports,Kahului Airport,Kahului Airport,Main Terminal,Australia,Australia,Australia,Y,I,International,Forecast,A,0.004,N,,,,,,,,,
6914830265,2808,33,Pax 2038,3,M1ndset Nationalities,2038,1,1.01.2038,381,HEL,HEL,Europe,EU North,Finland,100,296,38,Finland,Finland,AI,Airports,Helsinki Airport (Helsinki-Vantaa Airport),Helsinki Airport (Helsinki-Vantaa Airport),Main Terminal,Congo,Congo,Congo,Y,I,International,Forecast,A,0.303,N,,,,,,,,,
5903217198,2796,33,Pax 2026,3,M1ndset Nationalities,2026,6,1.06.2026,7389,YFC,YFC,Americas,Canada,Canada,107,289,208,Canada,Canada,AI,Airports,Fredericton Intl Airport,Fredericton Intl Airport,Main Terminal,Bhutan,Bhutan,Bhutan,Y,D,Domestic,Forecast,A,0.001,N,,,,,,,,,
6100754717,2340,33,Pax 2023,3,M1ndset Nationalities,2023,4,1.04.2023,244,DCA,DCA,Americas,USA DF,United States,107,177,119,USA,USA,AI,Airports,Ronald Reagan Washington National Airport,Ronald Reagan Washington National Airport,Main Terminal,Japan,Japan,Japan,Y,D,Domestic,Actual,D,0.507,N,,,,,,,,,
6913331398,2797,33,Pax 2027,3,M1ndset Nationalities,2027,10,1.10.2027,143,BRS,BRS,Europe,EU West,Great Britain,100,242,118,United Kingdom,United Kingdom,AI,Airports,Bristol Airport,Bristol Airport,Main Terminal,Brazil,Brazil,Brazil,Y,D,Domestic,Forecast,A,0.03,N,,,,,,,,,
6913331398,2797,33,Pax 2027,3,M1ndset Nationalities,2027,10,1.10.2027,143,BRS,BRS,Europe,EU West,Great Britain,100,242,118,United Kingdom,United Kingdom,AI,Airports,Bristol Airport,Bristol Airport,Main Terminal,Brazil,Brazil,Brazil,Y,D,Domestic,Forecast,A,0.03,N,,,,,,,,,
7795097340,2341,33,Pax 2024,3,M1ndset Nationalities,2024,9,1.09.2024,694,ORF,ORF,Americas,USA DF,United States,107,177,119,USA,USA,AI,Airports,Norfolk Intl Airport,Norfolk Intl Airport,Main Terminal,Chile,Chile,Chile,Y,D,Domestic,Actual,D,0.035,N,,,,,,,,,
7795097340,2341,33,Pax 2024,3,M1ndset Nationalities,2024,9,1.09.2024,694,ORF,ORF,Americas,USA DF,United States,107,177,119,USA,USA,AI,Airports,Norfolk Intl Airport,Norfolk Intl Airport,Main Terminal,Chile,Chile,Chile,Y,D,Domestic,Actual,D,0.035,N,,,,,,,,,
2601306189,2799,33,Pax 2029,3,M1ndset Nationalities,2029,1,1.01.2029,3,AAL,AAL,Europe,EU North,Denmark,100,296,30,Denmark,Denmark,AI,Airports,Aalborg Airport,Aalborg Airport,Main Terminal,Croatia,Croatia,Croatia,Y,D,Domestic,Forecast,D,0.104,N,,,,,,,,,
8142357961,2798,33,Pax 2028,3,M1ndset Nationalities,2028,5,1.05.2028,674,NUE,NUE,Europe,EU East,Germany,100,244,44,Germany,Germany,AI,Airports,Nuremberg Airport,Nuremberg Airport,Main Terminal,Kazakhstan,Kazakhstan,Kazakhstan,Y,D,Domestic,Forecast,D,0.012,N,,,,,,,,,
7908893783,2341,33,Pax 2024,3,M1ndset Nationalities,2024,10,1.10.2024,1035,YUL,YUL,Americas,Canada,Canada,107,289,208,Canada,Canada,AI,Airports,Montreal-Pierre Elliott Trudeau Intl Airport,Montreal-Pierre Elliott Trudeau Intl Airport,Main Terminal,Sri Lanka,Sri Lanka,Sri Lanka,Y,I,International,Actual,D,0.101,Y,,,,,,,,,
4375983146,2342,33,Pax 2025,3,M1ndset Nationalities,2025,12,1.12.2025,1000,VIE,VIE,Europe,EU East,Austria,100,244,6,Austria,Austria,AI,Airports,Vienna Intl Airport,Vienna Intl Airport,Main Terminal,Jordan,Jordan,Jordan,Y,I,International,Forecast,D,0.417,Y,,,,,,,,,
5612846634,2796,33,Pax 2026,3,M1ndset Nationalities,2026,11,1.11.2026,7697,YZF,YZF,Americas,Canada,Canada,107,289,208,Canada,Canada,AI,Airports,Yellowknife Airport,Yellowknife Airport,Main Terminal,Mexico,Mexico,Mexico,Y,D,Domestic,Forecast,D,0.015,N,,,,,,,,,
5612846634,2796,33,Pax 2026,3,M1ndset Nationalities,2026,11,1.11.2026,7697,YZF,YZF,Americas,Canada,Canada,107,289,208,Canada,Canada,AI,Airports,Yellowknife Airport,Yellowknife Airport,Main Terminal,Mexico,Mexico,Mexico,Y,D,Domestic,Forecast,D,0.015,N,,,,,,,,,
8142487125,2809,33,Pax 2039,3,M1ndset Nationalities,2039,1,1.01.2039,7504,YNB,YNB,Middle East,GCC & Yemen,Saudi Arabia,110,302,98,Saudi Arabia,Saudi Arabia,AI,Airports,Yanbu Airport (Yenbo Airport),Yanbu Airport (Yenbo Airport),Main Terminal,Eritrea,Eritrea,Eritrea,Y,I,International,Forecast,D,0.002,N,,,,,,,,,
6396924928,2340,33,Pax 2023,3,M1ndset Nationalities,2023,7,1.07.2023,7656,YWK,YWK,Americas,Canada,Canada,107,289,208,Canada,Canada,AI,Airports,Wabush Airport,Wabush Airport,Main Terminal,Serbia,Serbia,Serbia,Y,D,Domestic,Actual,A,0.001,N,,,,,,,,,
6914272253,2808,33,Pax 2038,3,M1ndset Nationalities,2038,1,1.01.2038,818,SAN,SAN,Americas,USA DF,United States,107,177,119,USA,USA,AI,Airports,San Diego Intl Airport,San Diego Intl Airport,Main Terminal,Argentina,Argentina,Argentina,Y,I,International,Forecast,A,0.139,N,,,,,,,,,
6914272253,2808,33,Pax 2038,3,M1ndset Nationalities,2038,1,1.01.2038,818,SAN,SAN,Americas,USA DF,United States,107,177,119,USA,USA,AI,Airports,San Diego Intl Airport,San Diego Intl Airport,Main Terminal,Argentina,Argentina,Argentina,Y,I,International,Forecast,A,0.139,N,,,,,,,,,
8142543988,2798,33,Pax 2028,3,M1ndset Nationalities,2028,9,1.09.2028,144,BRU,BRU,Europe,EU West,Belgium,100,242,11,Belgium,Belgium,AI,Airports,Brussels (Zaventem) Airport,Brussels (Zaventem) Airport,Main Terminal,China,China,China,Y,I,International,Forecast,A,2.234,N,,,,,,,,,
2592988642,2800,33,Pax 2030,3,M1ndset Nationalities,2030,1,1.01.2030,174,CFE,CFE,Europe,EU West,France,100,242,39,France,France,AI,Airports,Clermont-Ferrand Auvergne Airport,Clermont-Ferrand Auvergne Airport,Main Terminal,Canada,Canada,Canada,Y,D,Domestic,Forecast,D,0.017,N,,,,,,,,,
2592988642,2800,33,Pax 2030,3,M1ndset Nationalities,2030,1,1.01.2030,174,CFE,CFE,Europe,EU West,France,100,242,39,France,France,AI,Airports,Clermont-Ferrand Auvergne Airport,Clermont-Ferrand Auvergne Airport,Main Terminal,Canada,Canada,Canada,Y,D,Domestic,Forecast,D,0.017,N,,,,,,,,,
5616224251,2796,33,Pax 2026,3,M1ndset Nationalities,2026,9,1.09.2026,423,INN,INN,Europe,EU East,Austria,100,244,6,Austria,Austria,AI,Airports,Innsbruck Airport (Kranebitten Airport),Innsbruck Airport (Kranebitten Airport),Main Terminal,Mexico,Mexico,Mexico,Y,D,Domestic,Forecast,D,0.002,N,,,,,,,,,
5616224251,2796,33,Pax 2026,3,M1ndset Nationalities,2026,9,1.09.2026,423,INN,INN,Europe,EU East,Austria,100,244,6,Austria,Austria,AI,Airports,Innsbruck Airport (Kranebitten Airport),Innsbruck Airport (Kranebitten Airport),Main Terminal,Mexico,Mexico,Mexico,Y,D,Domestic,Forecast,D,0.002,N,,,,,,,,,
8140191961,2798,33,Pax 2028,3,M1ndset Nationalities,2028,3,1.03.2028,5377,MLH,MLH,Europe,EU West,France,100,242,39,France,France,AI,Airports,EuroAirport Basel-Mulhouse-Freiburg,EuroAirport Basel-Mulhouse-Freiburg,Main Terminal,Morocco,Morocco,Morocco,Y,I,International,Forecast,A,0.083,N,,,,,,,,,
5608890761,2342,33,Pax 2025,3,M1ndset Nationalities,2025,12,1.12.2025,88,BEG,BEG,Eurasia,Balkans,Serbia,130,245,127,Serbia,Serbia,AI,Airports,Belgrade Nikola Tesla Airport,Belgrade Nikola Tesla Airport,Main Terminal,Paraguay,Paraguay,Paraguay,Y,I,International,Forecast,A,0.001,N,,,,,,,,,
5608890761,2342,33,Pax 2025,3,M1ndset Nationalities,2025,12,1.12.2025,88,BEG,BEG,Eurasia,Balkans,Serbia,130,245,127,Serbia,Serbia,AI,Airports,Belgrade Nikola Tesla Airport,Belgrade Nikola Tesla Airport,Main Terminal,Paraguay,Paraguay,Paraguay,Y,I,International,Forecast,A,0.001,N,,,,,,,,,
6100667802,2340,33,Pax 2023,3,M1ndset Nationalities,2023,4,1.04.2023,875,SNA,SNA,Americas,USA DF,United States,107,177,119,USA,USA,AI,Airports,John Wayne Airport (Orange County Airport),John Wayne Airport (Orange County Airport),Main Terminal,Tunisia,Tunisia,Tunisia,Y,I,International,Actual,D,0.001,N,,,,,,,,,
5614245985,2342,33,Pax 2025,3,M1ndset Nationalities,2025,10,1.10.2025,3,AAL,AAL,Europe,EU North,Denmark,100,296,30,Denmark,Denmark,AI,Airports,Aalborg Airport,Aalborg Airport,Main Terminal,Jordan,Jordan,Jordan,Y,I,International,Forecast,A,0.003,N,,,,,,,,,
7130061905,2341,33,Pax 2024,3,M1ndset Nationalities,2024,2,1.02.2024,27,AES,AES,Europe,EU North,Norway,100,296,83,Norway,Norway,AI,Airports,"alesund Airport, Vigra","alesund Airport, Vigra",Main Terminal,Yemen,Yemen,Yemen,Y,D,Domestic,Actual,D,0.001,N,,,,,,,,,
6913310502,2797,33,Pax 2027,3,M1ndset Nationalities,2027,7,1.07.2027,127,BNE,BNE,China and SEA,Australia,Australia,104,176,5,Australia,Australia,AI,Airports,Brisbane Airport,Brisbane Airport,Main Terminal,Guyana,Guyana,Guyana,Y,I,International,Forecast,A,0.003,N,,,,,,,,,
6913310502,2797,33,Pax 2027,3,M1ndset Nationalities,2027,7,1.07.2027,127,BNE,BNE,China and SEA,Australia,Australia,104,176,5,Australia,Australia,AI,Airports,Brisbane Airport,Brisbane Airport,Main Terminal,Guyana,Guyana,Guyana,Y,I,International,Forecast,A,0.003,N,,,,,,,,,
5611725572,2796,33,Pax 2026,3,M1ndset Nationalities,2026,8,1.08.2026,892,STT,STT,Americas,USA DF,United States,107,177,119,Amer.Virgin Is.,Amer.Virgin Is.,AI,Airports,Cyril E. King Airport,Cyril E. King Airport,Main Terminal,Spain,Spain,Spain,Y,D,Domestic,Forecast,D,0.014,N,,,,,,,,,
6912398065,2797,33,Pax 2027,3,M1ndset Nationalities,2027,7,1.07.2027,377,HAV,HAV,Americas,Caribbean,Caribbean Other,107,215,224,Cuba,Cuba,AI,Airports,Jose Marti Intl Airport,Jose Marti Intl Airport,Main Terminal,Senegal,Senegal,Senegal,Y,I,International,Forecast,A,0.006,N,,,,,,,,,
6913331165,2808,33,Pax 2038,3,M1ndset Nationalities,2038,1,1.01.2038,267,DTM,DTM,Europe,EU East,Germany,100,244,44,Germany,Germany,AI,Airports,Dortmund Airport,Dortmund Airport,Main Terminal,Algeria,Algeria,Algeria,Y,D,Domestic,Forecast,A,0.014,N,,,,,,,,,
6297633120,2340,33,Pax 2023,3,M1ndset Nationalities,2023,2,1.02.2023,129,BOD,BOD,Europe,EU West,France,100,242,39,France,France,AI,Airports,Bordeaux-Merignac Airport,Bordeaux-Merignac Airport,Main Terminal,Belarus,Belarus,Belarus,Y,I,International,Actual,D,0.002,N,,,,,,,,,
5609984693,2796,33,Pax 2026,3,M1ndset Nationalities,2026,7,1.07.2026,446,JFK,JFK,Americas,USA DF,United States,107,177,119,USA,USA,AI,Airports,John F. Kennedy Intl Airport,John F. Kennedy Intl Airport,Main Terminal,Curaçao,Curaçao,Curaçao,Y,I,International,Forecast,D,0.636,N,,,,,,,,,
5609984693,2796,33,Pax 2026,3,M1ndset Nationalities,2026,7,1.07.2026,446,JFK,JFK,Americas,USA DF,United States,107,177,119,USA,USA,AI,Airports,John F. Kennedy Intl Airport,John F. Kennedy Intl Airport,Main Terminal,Curaçao,Curaçao,Curaçao,Y,I,International,Forecast,D,0.636,N,,,,,,,,,
8141642906,2798,33,Pax 2028,3,M1ndset Nationalities,2028,4,1.04.2028,1129,EBL,EBL,Middle East,Iraq,Iraq,110,22,212,Iraq,Iraq,AI,Airports,Erbil Intl Airport,Erbil Intl Airport,Main Terminal,Singapore,Singapore,Singapore,Y,I,International,Forecast,A,0.002,N,,,,,,,,,
5903384425,2796,33,Pax 2026,3,M1ndset Nationalities,2026,6,1.06.2026,6512,SKB,SKB,Americas,Caribbean,Caribbean Other,107,215,224,St Kitts&Nevis,St Kitts&Nevis,AI,Airports,Robert L. Bradshaw Intl Airport,Robert L. Bradshaw Intl Airport,Main Terminal,Slovakia,Slovakia,Slovakia,Y,I,International,Forecast,A,0.001,N,,,,,,,,,
5906629196,2340,33,Pax 2023,3,M1ndset Nationalities,2023,3,1.03.2023,446,JFK,JFK,Americas,USA DF,United States,107,177,119,USA,USA,AI,Airports,John F. Kennedy Intl Airport,John F. Kennedy Intl Airport,Terminal 4,Sudan,Sudan,Sudan,Y,I,International,Actual,A,0.104,N,,,,,,,,,
5904009638,2796,33,Pax 2026,3,M1ndset Nationalities,2026,6,1.06.2026,990,VBY,VBY,Europe,EU North,Sweden,100,296,107,Sweden,Sweden,AI,Airports,Visby Airport,Visby Airport,Main Terminal,Colombia,Colombia,Colombia,Y,D,Domestic,Forecast,D,0.004,N,,,,,,,,,
5904009638,2796,33,Pax 2026,3,M1ndset Nationalities,2026,6,1.06.2026,990,VBY,VBY,Europe,EU North,Sweden,100,296,107,Sweden,Sweden,AI,Airports,Visby Airport,Visby Airport,Main Terminal,Colombia,Colombia,Colombia,Y,D,Domestic,Forecast,D,0.004,N,,,,,,,,,
5710713537,2340,33,Pax 2023,3,M1ndset Nationalities,2023,1,1.01.2023,997,VFA,VFA,Africa,Southern Africa,Zimbabwe,120,249,172,Zimbabwe,Zimbabwe,AI,Airports,Victoria Falls Airport,Victoria Falls Airport,Main Terminal,Zimbabwe,Zimbabwe,Zimbabwe,N,D,Domestic,Actual,A,3.316,N,,,,,,,,,
6806444670,2340,33,Pax 2023,3,M1ndset Nationalities,2023,11,1.11.2023,74,AYT,AYT,Eurasia,Turkey,Turkey,130,181,116,Turkey,Turkey,AI,Airports,Antalya Airport,Antalya Airport,Main Terminal,Estonia,Estonia,Estonia,Y,I,International,Actual,A,0.984,N,,,,,,,,,
5614873883,2796,33,Pax 2026,3,M1ndset Nationalities,2026,6,1.06.2026,1037,YVR,YVR,Americas,Canada,Canada,107,289,208,Canada,Canada,AI,Airports,Vancouver Intl Airport,Vancouver Intl Airport,Main Terminal,Cambodia,Cambodia,Cambodia,Y,I,International,Forecast,D,0.002,Y,,,,,,,,,
6913404562,2797,33,Pax 2027,3,M1ndset Nationalities,2027,12,1.12.2027,314,FLL,FLL,Americas,USA DF,United States,107,177,119,USA,USA,AI,Airports,Fort Lauderdale-Hollywood Intl Airport,Fort Lauderdale-Hollywood Intl Airport,Main Terminal,Turkey,Turkey,Turkey,Y,I,International,Forecast,D,0.011,Y,,,,,,,,,
6701979037,2340,33,Pax 2023,3,M1ndset Nationalities,2023,10,1.10.2023,954,TRD,TRD,Europe,EU North,Norway,100,296,83,Norway,Norway,AI,Airports,"Trondheim Airport, Vaernes","Trondheim Airport, Vaernes",Main Terminal,Australia,Australia,Australia,Y,I,International,Actual,D,0.01,N,,,,,,,,,
5609584307,2796,33,Pax 2026,3,M1ndset Nationalities,2026,6,1.06.2026,818,SAN,SAN,Americas,USA DF,United States,107,177,119,USA,USA,AI,Airports,San Diego Intl Airport,San Diego Intl Airport,Main Terminal,Austria,Austria,Austria,Y,D,Domestic,Forecast,A,0.112,N,,,,,,,,,
8024130534,2341,33,Pax 2024,3,M1ndset Nationalities,2024,11,1.11.2024,387,HKG,HKG,China and SEA,"HK, MO, TW",Hong Kong,104,173,51,Hong Kong,Hong Kong,AI,Airports,Hong Kong Intl Airport (Chek Lap Kok Airport),Hong Kong Intl Airport (Chek Lap Kok Airport),Main Terminal,Slovakia,Slovakia,Slovakia,Y,I,International,Actual,A,0.048,N,,,,,,,,,
2593725571,2797,33,Pax 2027,3,M1ndset Nationalities,2027,1,1.01.2027,896,SVG,SVG,Europe,EU North,Norway,100,296,83,Norway,Norway,AI,Airports,"Stavanger Airport, Sola","Stavanger Airport, Sola",Main Terminal,India,India,India,Y,I,International,Forecast,D,0.214,N,,,,,,,,,
5805950093,2340,33,Pax 2023,3,M1ndset Nationalities,2023,2,1.02.2023,116,BJX,BJX,Americas,Mexico & Belize,Mexico,107,257,77,Mexico,Mexico,AI,Airports,Del Bajio (Guanajuato) Intl Airport,Del Bajio (Guanajuato) Intl Airport,Main Terminal,India,India,India,Y,I,International,Actual,D,0.064,N,,,,,,,,,
6497280265,2340,33,Pax 2023,3,M1ndset Nationalities,2023,8,1.08.2023,119,BKK,BKK,China and SEA,Indochina,Thailand,104,280,113,Thailand,Thailand,AI,Airports,Suvarnabhumi Airport,Suvarnabhumi Airport,Main Terminal,Greece,Greece,Greece,Y,I,International,Actual,D,0.02,Y,,,,,,,,,
7461199935,2341,33,Pax 2024,3,M1ndset Nationalities,2024,6,1.06.2024,122,BLQ,BLQ,Europe,EU South,Italy,100,243,57,Italy,Italy,AI,Airports,Bologna Guglielmo Marconi Airport,Bologna Guglielmo Marconi Airport,Main Terminal,Turkey,Turkey,Turkey,Y,I,International,Actual,A,7.128,N,,,,,,,,,
2580902282,2799,33,Pax 2029,3,M1ndset Nationalities,2029,1,1.01.2029,7495,YMM,YMM,Americas,Canada,Canada,107,289,208,Canada,Canada,AI,Airports,Fort McMurray Airport,Fort McMurray Airport,Main Terminal,Uganda,Uganda,Uganda,Y,D,Domestic,Forecast,A,0.01,N,,,,,,,,,
6912529539,2797,33,Pax 2027,3,M1ndset Nationalities,2027,6,1.06.2027,727,PHL,PHL,Americas,USA DF,United States,107,177,119,USA,USA,AI,Airports,Philadelphia Intl Airport,Philadelphia Intl Airport,Main Terminal,Chile,Chile,Chile,Y,I,International,Forecast,D,0.015,Y,,,,,,,,,
6912529539,2797,33,Pax 2027,3,M1ndset Nationalities,2027,6,1.06.2027,727,PHL,PHL,Americas,USA DF,United States,107,177,119,USA,USA,AI,Airports,Philadelphia Intl Airport,Philadelphia Intl Airport,Main Terminal,Chile,Chile,Chile,Y,I,International,Forecast,D,0.015,Y,,,,,,,,,
8141191588,2798,33,Pax 2028,3,M1ndset Nationalities,2028,3,1.03.2028,697,ORY,ORY,Europe,EU West,France,100,242,39,France,France,AI,Airports,Orly Intl Airport,Orly Intl Airport,Main Terminal,Senegal,Senegal,Senegal,Y,D,Domestic,Forecast,D,0.026,Y,,,,,,,,,
4375600434,2342,33,Pax 2025,3,M1ndset Nationalities,2025,6,1.06.2025,272,DUS,DUS,Europe,EU East,Germany,100,244,44,Germany,Germany,AI,Airports,Dusseldorf Airport,Dusseldorf Airport,Main Terminal,Saudi Arabia,Saudi Arabia,Saudi Arabia,Y,I,International,Forecast,A,0.038,N,,,,,,,,,
7795003458,2341,33,Pax 2024,3,M1ndset Nationalities,2024,9,1.09.2024,672,NTE,NTE,Europe,EU West,France,100,242,39,France,France,AI,Airports,Nantes Atlantique Airport,Nantes Atlantique Airport,Main Terminal,Sierra Leone,Sierra Leone,Sierra Leone,Y,I,International,Actual,A,0.001,N,,,,,,,,,
6912248673,2797,33,Pax 2027,3,M1ndset Nationalities,2027,7,1.07.2027,41,ALF,ALF,Europe,EU North,Norway,100,296,83,Norway,Norway,AI,Airports,Alta Airport,Alta Airport,Main Terminal,Peru,Peru,Peru,Y,D,Domestic,Forecast,A,0.002,N,,,,,,,,,
6912248673,2797,33,Pax 2027,3,M1ndset Nationalities,2027,7,1.07.2027,41,ALF,ALF,Europe,EU North,Norway,100,296,83,Norway,Norway,AI,Airports,Alta Airport,Alta Airport,Main Terminal,Peru,Peru,Peru,Y,D,Domestic,Forecast,A,0.002,N,,,,,,,,,
5906353279,2340,33,Pax 2023,3,M1ndset Nationalities,2023,3,1.03.2023,68,AUA,AUA,Americas,Caribbean,Aruba,107,215,129,Aruba,Aruba,AI,Airports,Queen Beatrix Intl Airport,Queen Beatrix Intl Airport,Main Terminal,Serbia,Serbia,Serbia,Y,I,International,Actual,D,0.006,N,,,,,,,,,
7130185016,2341,33,Pax 2024,3,M1ndset Nationalities,2024,2,1.02.2024,361,GRU,GRU,Americas,South America,Brazil,107,287,15,Brazil,Brazil,AI,Airports,Sao Paulo-Guarulhos Intl Airport,Sao Paulo-Guarulhos Intl Airport,Terminal 2,Estonia,Estonia,Estonia,Y,I,International,Actual,A,0.001,N,,,,,,,,,
4729116940,2342,33,Pax 2025,3,M1ndset Nationalities,2025,4,1.04.2025,158,BWN,BWN,China and SEA,Asia South-east,Brunei Darussalam,104,174,16,Brunei,Brunei,AI,Airports,Brunei Intl Airport,Brunei Intl Airport,Main Terminal,Poland,Poland,Poland,Y,I,International,Forecast,D,0.012,Y,,,,,,,,,
8141120760,2798,33,Pax 2028,3,M1ndset Nationalities,2028,7,1.07.2028,661,NDR,NDR,Africa,North Africa,Morocco,120,238,80,Morocco,Morocco,AI,Airports,Arwi Airport,Arwi Airport,Main Terminal,Netherlands,Netherlands,Netherlands,Y,I,International,Forecast,A,11.115,N,,,,,,,,,
7021546852,2341,33,Pax 2024,3,M1ndset Nationalities,2024,1,1.01.2024,1412,NBE,NBE,Africa,North Africa,Tunisia,120,238,115,Tunisia,Tunisia,AI,Airports,Enfidha-Hammamet Airport,Enfidha-Hammamet Airport,Main Terminal,Algeria,Algeria,Algeria,Y,I,International,Actual,A,0.001,N,,,,,,,,,
6199149795,2340,33,Pax 2023,3,M1ndset Nationalities,2023,5,1.05.2023,169,CCJ,CCJ,Middle East,ISC & Afghanistan,India,110,183,53,India,India,AI,Airports,Calicut Intl Airport,Calicut Intl Airport,Main Terminal,South Africa,South Africa,South Africa,Y,I,International,Actual,D,0.416,N,,,,,,,,,
6913582832,2797,33,Pax 2027,3,M1ndset Nationalities,2027,5,1.05.2027,538,LIS,LIS,Europe,EU South,Portugal,100,243,91,Portugal,Portugal,AI,Airports,Lisbon Portela Airport,Lisbon Portela Airport,Main Terminal,Tajikstan,Tajikstan,Tajikstan,Y,I,International,Forecast,A,0.005,N,,,,,,,,,
5904890692,2796,33,Pax 2026,3,M1ndset Nationalities,2026,4,1.04.2026,352,GOA,GOA,Europe,EU South,Italy,100,243,57,Italy,Italy,AI,Airports,Genoa Cristoforo Colombo Airport,Genoa Cristoforo Colombo Airport,Main Terminal,Tokelau,Tokelau,Tokelau,Y,I,International,Forecast,D,0.005,N,,,,,,,,,
2588834083,2802,33,Pax 2032,3,M1ndset Nationalities,2032,1,1.01.2032,176,CFU,CFU,Eurasia,Greece & Cyprus,Greece,130,235,47,Greece,Greece,AI,Airports,Corfu Intl Airport (Ioannis Kapodistrias Intl Airport),Corfu Intl Airport (Ioannis Kapodistrias Intl Airport),Main Terminal,Mexico,Mexico,Mexico,Y,I,International,Forecast,D,0.071,N,,,,,,,,,
2588834083,2802,33,Pax 2032,3,M1ndset Nationalities,2032,1,1.01.2032,176,CFU,CFU,Eurasia,Greece & Cyprus,Greece,130,235,47,Greece,Greece,AI,Airports,Corfu Intl Airport (Ioannis Kapodistrias Intl Airport),Corfu Intl Airport (Ioannis Kapodistrias Intl Airport),Main Terminal,Mexico,Mexico,Mexico,Y,I,International,Forecast,D,0.071,N,,,,,,,,,
6914201895,2797,33,Pax 2027,3,M1ndset Nationalities,2027,11,1.11.2027,87,BDU,BDU,Europe,EU North,Norway,100,296,83,Norway,Norway,AI,Airports,Bardufoss Airport,Bardufoss Airport,Main Terminal,Mexico,Mexico,Mexico,Y,D,Domestic,Forecast,D,0.001,N,,,,,,,,,
6914201895,2797,33,Pax 2027,3,M1ndset Nationalities,2027,11,1.11.2027,87,BDU,BDU,Europe,EU North,Norway,100,296,83,Norway,Norway,AI,Airports,Bardufoss Airport,Bardufoss Airport,Main Terminal,Mexico,Mexico,Mexico,Y,D,Domestic,Forecast,D,0.001,N,,,,,,,,,
8260465879,2342,33,Pax 2025,3,M1ndset Nationalities,2025,1,1.01.2025,840,SEN,SEN,Europe,EU West,Great Britain,100,242,118,United Kingdom,United Kingdom,AI,Airports,London Southend Airport,London Southend Airport,Main Terminal,Greece,Greece,Greece,Y,I,International,Actual,A,0.004,N,,,,,,,,,
6912913052,2808,33,Pax 2038,3,M1ndset Nationalities,2038,1,1.01.2038,1053,ZRH,ZRH,Europe,EU West,Switzerland,100,242,108,Switzerland,Switzerland,AI,Airports,Zurich Airport,Zurich Airport,Main Terminal,Finland,Finland,Finland,Y,D,Domestic,Forecast,A,0.02,N,,,,,,,,,
7461046821,2341,33,Pax 2024,3,M1ndset Nationalities,2024,6,1.06.2024,377,HAV,HAV,Americas,Caribbean,Caribbean Other,107,215,224,Cuba,Cuba,AI,Airports,Jose Marti Intl Airport,Jose Marti Intl Airport,Main Terminal,Panama,Panama,Panama,Y,I,International,Actual,A,11.188,N,,,,,,,,,
7461046821,2341,33,Pax 2024,3,M1ndset Nationalities,2024,6,1.06.2024,377,HAV,HAV,Americas,Caribbean,Caribbean Other,107,215,224,Cuba,Cuba,AI,Airports,Jose Marti Intl Airport,Jose Marti Intl Airport,Main Terminal,Panama,Panama,Panama,Y,I,International,Actual,A,11.188,N,,,,,,,,,
8141650466,2798,33,Pax 2028,3,M1ndset Nationalities,2028,2,1.02.2028,7627,YTS,YTS,Americas,Canada,Canada,107,289,208,Canada,Canada,AI,Airports,Timmins/Victor M. Power Airport,Timmins/Victor M. Power Airport,Main Terminal,Spain,Spain,Spain,Y,D,Domestic,Forecast,D,0.001,N,,,,,,,,,
4375048698,2342,33,Pax 2025,3,M1ndset Nationalities,2025,5,1.05.2025,660,NCL,NCL,Europe,EU West,Great Britain,100,242,118,United Kingdom,United Kingdom,AI,Airports,Newcastle Airport,Newcastle Airport,Main Terminal,Nepal,Nepal,Nepal,Y,D,Domestic,Forecast,A,0.12,N,,,,,,,,,
6914033554,2808,33,Pax 2038,3,M1ndset Nationalities,2038,1,1.01.2038,697,ORY,ORY,Europe,EU West,France,100,242,39,France,France,AI,Airports,Orly Intl Airport,Orly Intl Airport,Main Terminal,Germany,Germany,Germany,Y,D,Domestic,Forecast,D,6.682,N,,,,,,,,,
8140532447,2341,33,Pax 2024,3,M1ndset Nationalities,2024,12,1.12.2024,845,SFO,SFO,Americas,USA DF,United States,107,177,119,USA,USA,AI,Airports,San Francisco Intl Airport,San Francisco Intl Airport,Terminal 1,St. Vincent,St. Vincent,St. Vincent,Y,D,Domestic,Actual,A,0.016,N,,,,,,,,,
8140532447,2341,33,Pax 2024,3,M1ndset Nationalities,2024,12,1.12.2024,845,SFO,SFO,Americas,USA DF,United States,107,177,119,USA,USA,AI,Airports,San Francisco Intl Airport,San Francisco Intl Airport,Terminal 1,St. Vincent,St. Vincent,St. Vincent,Y,D,Domestic,Actual,A,0.016,N,,,,,,,,,
8142675056,2798,33,Pax 2028,3,M1ndset Nationalities,2028,3,1.03.2028,317,FLR,FLR,Europe,EU South,Italy,100,243,57,Italy,Italy,AI,Airports,"Florence Airport, Peretola (Amerigo Vespucci Airport)","Florence Airport, Peretola (Amerigo Vespucci Airport)",Main Terminal,Lithuania,Lithuania,Lithuania,Y,I,International,Forecast,A,0.042,N,,,,,,,,,
5905564616,2796,33,Pax 2026,3,M1ndset Nationalities,2026,11,1.11.2026,951,TPA,TPA,Americas,USA DF,United States,107,177,119,USA,USA,AI,Airports,Tampa Intl Airport,Tampa Intl Airport,Main Terminal,Indonesia,Indonesia,Indonesia,Y,I,International,Forecast,A,0.022,N,,,,,,,,,
8142709899,2798,33,Pax 2028,3,M1ndset Nationalities,2028,12,1.12.2028,1261,RMQ,RMQ,China and SEA,"HK, MO, TW",Taiwan,104,173,111,Taiwan,Taiwan,AI,Airports,Taichung Ching Chuan Kang Airport,Taichung Ching Chuan Kang Airport,Main Terminal,Taiwan,Taiwan,Taiwan,N,I,International,Forecast,D,0.081,Y,,,,,,,,,
5608004153,2806,33,Pax 2036,3,M1ndset Nationalities,2036,1,1.01.2036,767,PUY,PUY,Eurasia,Balkans,Croatia,130,245,27,Croatia,Croatia,AI,Airports,Pula Airport,Pula Airport,Main Terminal,Burundi,Burundi,Burundi,Y,I,International,Forecast,A,0.004,N,,,,,,,,,
8141186804,2798,33,Pax 2028,3,M1ndset Nationalities,2028,11,1.11.2028,608,MKE,MKE,Americas,USA DF,United States,107,177,119,USA,USA,AI,Airports,General Mitchell Intl Airport,General Mitchell Intl Airport,Main Terminal,Taiwan,Taiwan,Taiwan,Y,D,Domestic,Forecast,D,0.189,N,,,,,,,,,
5610627719,2796,33,Pax 2026,3,M1ndset Nationalities,2026,9,1.09.2026,172,CDG,CDG,Europe,EU West,France,100,242,39,France,France,AI,Airports,Charles de Gaulle Airport (Roissy Airport),Charles de Gaulle Airport (Roissy Airport),Main Terminal,Singapore,Singapore,Singapore,Y,D,Domestic,Forecast,D,0.093,Y,,,,,,,,,
6100704257,2340,33,Pax 2023,3,M1ndset Nationalities,2023,4,1.04.2023,200,CLT,CLT,Americas,USA DF,United States,107,177,119,USA,USA,AI,Airports,Charlotte Douglas Intl Airport,Charlotte Douglas Intl Airport,Main Terminal,Ireland,Ireland,Ireland,Y,D,Domestic,Actual,A,0.247,N,,,,,,,,,
5611313886,2807,33,Pax 2037,3,M1ndset Nationalities,2037,1,1.01.2037,820,SAT,SAT,Americas,USA DF,United States,107,177,119,USA,USA,AI,Airports,San Antonio Intl Airport,San Antonio Intl Airport,Main Terminal,Belarus,Belarus,Belarus,Y,D,Domestic,Forecast,D,0.695,N,,,,,,,,,
7130402355,2341,33,Pax 2024,3,M1ndset Nationalities,2024,2,1.02.2024,361,GRU,GRU,Americas,South America,Brazil,107,287,15,Brazil,Brazil,AI,Airports,Sao Paulo-Guarulhos Intl Airport,Sao Paulo-Guarulhos Intl Airport,Terminal 3,Jordan,Jordan,Jordan,Y,I,International,Actual,D,0.028,Y,,,,,,,,,
7571233216,2341,33,Pax 2024,3,M1ndset Nationalities,2024,7,1.07.2024,259,DMM,DMM,Middle East,GCC & Yemen,Saudi Arabia,110,302,98,Saudi Arabia,Saudi Arabia,AI,Airports,King Fahd Intl Airport,King Fahd Intl Airport,Main Terminal (DMM),Bahrain,Bahrain,Bahrain,Y,I,International,Actual,D,1.569,N,,,,,,,,,
5615240111,2342,33,Pax 2025,3,M1ndset Nationalities,2025,12,1.12.2025,757,PSP,PSP,Americas,USA DF,United States,107,177,119,USA,USA,AI,Airports,Palm Springs Intl Airport,Palm Springs Intl Airport,Main Terminal,"Trinidad,Tobago","Trinidad,Tobago","Trinidad,Tobago",Y,D,Domestic,Forecast,A,0.04,N,,,,,,,,,
5615240111,2342,33,Pax 2025,3,M1ndset Nationalities,2025,12,1.12.2025,757,PSP,PSP,Americas,USA DF,United States,107,177,119,USA,USA,AI,Airports,Palm Springs Intl Airport,Palm Springs Intl Airport,Main Terminal,"Trinidad,Tobago","Trinidad,Tobago","Trinidad,Tobago",Y,D,Domestic,Forecast,A,0.04,N,,,,,,,,,
6914817978,2797,33,Pax 2027,3,M1ndset Nationalities,2027,11,1.11.2027,1055,EGC,EGC,Europe,EU West,France,100,242,39,France,France,AI,Airports,Bergerac Dordogne Perigord Airport,Bergerac Dordogne Perigord Airport,Main Terminal,Ghana,Ghana,Ghana,Y,I,International,Forecast,D,0.002,N,,,,,,,,,
4378211433,2342,33,Pax 2025,3,M1ndset Nationalities,2025,7,1.07.2025,1602,OUA,OUA,Africa,West and Central Africa,Burkina Faso,120,248,132,Burkina Faso,Burkina Faso,AI,Airports,Ouagadougou Airport,Ouagadougou Airport,Main Terminal,Italy,Italy,Italy,Y,I,International,Forecast,D,0.021,N,,,,,,,,,
4378418324,2342,33,Pax 2025,3,M1ndset Nationalities,2025,6,1.06.2025,122,BLQ,BLQ,Europe,EU South,Italy,100,243,57,Italy,Italy,AI,Airports,Bologna Guglielmo Marconi Airport,Bologna Guglielmo Marconi Airport,Main Terminal,Egypt,Egypt,Egypt,Y,I,International,Forecast,D,0.094,Y,,,,,,,,,
7795056969,2341,33,Pax 2024,3,M1ndset Nationalities,2024,9,1.09.2024,151,BTV,BTV,Americas,USA DF,United States,107,177,119,USA,USA,AI,Airports,Burlington Intl Airport,Burlington Intl Airport,Main Terminal,Syria,Syria,Syria,Y,D,Domestic,Actual,D,0.008,N,,,,,,,,,
2586787086,2799,33,Pax 2029,3,M1ndset Nationalities,2029,1,1.01.2029,272,DUS,DUS,Europe,EU East,Germany,100,244,44,Germany,Germany,AI,Airports,Dusseldorf Airport,Dusseldorf Airport,Main Terminal,Montenegro,Montenegro,Montenegro,Y,D,Domestic,Forecast,A,0.249,N,,,,,,,,,
7682464920,2341,33,Pax 2024,3,M1ndset Nationalities,2024,8,1.08.2024,1023,YDF,YDF,Americas,Canada,Canada,107,289,208,Canada,Canada,AI,Airports,Deer Lake Regional Airport,Deer Lake Regional Airport,Main Terminal,Iran,Iran,Iran,Y,D,Domestic,Actual,D,0.029,N,,,,,,,,,
4377271980,2342,33,Pax 2025,3,M1ndset Nationalities,2025,8,1.08.2025,1617,YYT,YYT,Americas,Canada,Canada,107,289,208,Canada,Canada,AI,Airports,St. John's Intl Airport,St. John's Intl Airport,Main Terminal,Italy,Italy,Italy,Y,D,Domestic,Forecast,A,0.075,N,,,,,,,,,
6913306449,2808,33,Pax 2038,3,M1ndset Nationalities,2038,1,1.01.2038,614,MLE,MLE,Middle East,ISC & Afghanistan,Maldives,110,183,73,Maldives,Maldives,AI,Airports,Male Intl Airport,Male Intl Airport,Main Terminal,Sudan,Sudan,Sudan,Y,I,International,Forecast,D,13.401,N,,,,,,,,,
4376259961,2342,33,Pax 2025,3,M1ndset Nationalities,2025,5,1.05.2025,304,FAR,FAR,Americas,USA DF,United States,107,177,119,USA,USA,AI,Airports,Hector Intl Airport,Hector Intl Airport,Main Terminal,Nigeria,Nigeria,Nigeria,Y,D,Domestic,Forecast,A,0.024,N,,,,,,,,,
5608147235,2796,33,Pax 2026,3,M1ndset Nationalities,2026,6,1.06.2026,347,GLA,GLA,Europe,EU West,Great Britain,100,242,118,United Kingdom,United Kingdom,AI,Airports,Glasgow Airport,Glasgow Airport,Main Terminal,Austria,Austria,Austria,Y,D,Domestic,Forecast,A,0.063,N,,,,,,,,,
5611068810,2796,33,Pax 2026,3,M1ndset Nationalities,2026,2,1.02.2026,699,OSL,OSL,Europe,EU North,Norway,100,296,83,Norway,Norway,AI,Airports,"Oslo Airport, Gardermoen (succeeding Oslo Airport, Fornebu)","Oslo Airport, Gardermoen (succeeding Oslo Airport, Fornebu)",Main Terminal,Germany,Germany,Germany,Y,I,International,Forecast,D,12.192,Y,,,,,,,,,
7570977732,2341,33,Pax 2024,3,M1ndset Nationalities,2024,7,1.07.2024,1031,YQR,YQR,Americas,Canada,Canada,107,289,208,Canada,Canada,AI,Airports,Regina Intl Airport,Regina Intl Airport,Main Terminal,Guatemala,Guatemala,Guatemala,Y,I,International,Actual,D,0.001,N,,,,,,,,,
7570977732,2341,33,Pax 2024,3,M1ndset Nationalities,2024,7,1.07.2024,1031,YQR,YQR,Americas,Canada,Canada,107,289,208,Canada,Canada,AI,Airports,Regina Intl Airport,Regina Intl Airport,Main Terminal,Guatemala,Guatemala,Guatemala,Y,I,International,Actual,D,0.001,N,,,,,,,,,
6297387535,2340,33,Pax 2023,3,M1ndset Nationalities,2023,1,1.01.2023,894,SUF,SUF,Europe,EU South,Italy,100,243,57,Italy,Italy,AI,Airports,Lamezia Terme Intl Airport,Lamezia Terme Intl Airport,Main Terminal,Colombia,Colombia,Colombia,Y,I,International,Actual,D,0.001,N,,,,,,,,,
6297387535,2340,33,Pax 2023,3,M1ndset Nationalities,2023,1,1.01.2023,894,SUF,SUF,Europe,EU South,Italy,100,243,57,Italy,Italy,AI,Airports,Lamezia Terme Intl Airport,Lamezia Terme Intl Airport,Main Terminal,Colombia,Colombia,Colombia,Y,I,International,Actual,D,0.001,N,,,,,,,,,
4378279359,2342,33,Pax 2025,3,M1ndset Nationalities,2025,9,1.09.2025,671,NRT,NRT,Japan and Korea,Japan,Japan,109,175,59,Japan,Japan,AI,Airports,Narita Intl Airport (formerly New Tokyo Intl),Narita Intl Airport (formerly New Tokyo Intl),Main Terminal,Guinea,Guinea,Guinea,Y,I,International,Forecast,D,0.003,N,,,,,,,,,
6914195534,2797,33,Pax 2027,3,M1ndset Nationalities,2027,6,1.06.2027,1029,YQB,YQB,Americas,Canada,Canada,107,289,208,Canada,Canada,AI,Airports,Quebec/Jean Lesage Intl Airport,Quebec/Jean Lesage Intl Airport,Main Terminal,Gabon,Gabon,Gabon,Y,D,Domestic,Forecast,D,0.005,N,,,,,,,,,
2574522640,2797,33,Pax 2027,3,M1ndset Nationalities,2027,1,1.01.2027,303,FAO,FAO,Europe,EU South,Portugal,100,243,91,Portugal,Portugal,AI,Airports,Faro Airport,Faro Airport,Main Terminal,Senegal,Senegal,Senegal,Y,I,International,Forecast,D,0.017,N,,,,,,,,,
8142847200,2798,33,Pax 2028,3,M1ndset Nationalities,2028,8,1.08.2028,693,ORD,ORD,Americas,USA DF,United States,107,177,119,USA,USA,AI,Airports,O'Hare Intl Airport (formerly Orchard Depot Field),O'Hare Intl Airport (formerly Orchard Depot Field),Main Terminal,Iraq,Iraq,Iraq,Y,D,Domestic,Forecast,D,0.184,Y,,,,,,,,,
5616516330,2342,33,Pax 2025,3,M1ndset Nationalities,2025,12,1.12.2025,859,SJO,SJO,Americas,Central America,Costa Rica,107,172,26,Costa Rica,Costa Rica,AI,Airports,Juan Santamaria Intl Airport,Juan Santamaria Intl Airport,Main Terminal,Laos,Laos,Laos,Y,I,International,Forecast,A,0.034,N,,,,,,,,,
7130133392,2341,33,Pax 2024,3,M1ndset Nationalities,2024,3,1.03.2024,1008,VNS,VNS,Middle East,ISC & Afghanistan,India,110,183,53,India,India,AI,Airports,Varanasi Airport,Varanasi Airport,Main Terminal,Egypt,Egypt,Egypt,Y,I,International,Actual,D,0.002,Y,,,,,,,,,
6199203752,2340,33,Pax 2023,3,M1ndset Nationalities,2023,5,1.05.2023,988,VAR,VAR,Eurasia,Balkans,Bulgaria,130,245,18,Bulgaria,Bulgaria,AI,Airports,Varna Airport,Varna Airport,Main Terminal,Jamaica,Jamaica,Jamaica,Y,I,International,Actual,D,0.005,N,,,,,,,,,
6199203752,2340,33,Pax 2023,3,M1ndset Nationalities,2023,5,1.05.2023,988,VAR,VAR,Eurasia,Balkans,Bulgaria,130,245,18,Bulgaria,Bulgaria,AI,Airports,Varna Airport,Varna Airport,Main Terminal,Jamaica,Jamaica,Jamaica,Y,I,International,Actual,D,0.005,N,,,,,,,,,
5613814731,2796,33,Pax 2026,3,M1ndset Nationalities,2026,2,1.02.2026,396,HOU,HOU,Americas,USA DF,United States,107,177,119,USA,USA,AI,Airports,William P. Hobby Airport,William P. Hobby Airport,Main Terminal,Haiti,Haiti,Haiti,Y,D,Domestic,Forecast,D,0.121,Y,,,,,,,,,
5613814731,2796,33,Pax 2026,3,M1ndset Nationalities,2026,2,1.02.2026,396,HOU,HOU,Americas,USA DF,United States,107,177,119,USA,USA,AI,Airports,William P. Hobby Airport,William P. Hobby Airport,Main Terminal,Haiti,Haiti,Haiti,Y,D,Domestic,Forecast,D,0.121,Y,,,,,,,,,
6912209536,2797,33,Pax 2027,3,M1ndset Nationalities,2027,3,1.03.2027,207,CMN,CMN,Africa,North Africa,Morocco,120,238,80,Morocco,Morocco,AI,Airports,Mohammed V Intl Airport,Mohammed V Intl Airport,Main Terminal,El Salvador,El Salvador,El Salvador,Y,I,International,Forecast,D,0.011,N,,,,,,,,,
6912209536,2797,33,Pax 2027,3,M1ndset Nationalities,2027,3,1.03.2027,207,CMN,CMN,Africa,North Africa,Morocco,120,238,80,Morocco,Morocco,AI,Airports,Mohammed V Intl Airport,Mohammed V Intl Airport,Main Terminal,El Salvador,El Salvador,El Salvador,Y,I,International,Forecast,D,0.011,N,,,,,,,,,
5612126920,2796,33,Pax 2026,3,M1ndset Nationalities,2026,9,1.09.2026,92,BEY,BEY,Middle East,Levant,Lebanon,110,214,68,Lebanon,Lebanon,AI,Airports,Beirut-Rafic Hariri Intl Airport / Beirut Air Base,Beirut-Rafic Hariri Intl Airport / Beirut Air Base,Main Terminal,Czech Republic,Czech Republic,Czech Republic,Y,I,International,Forecast,A,0.04,N,,,,,,,,,
6701852347,2340,33,Pax 2023,3,M1ndset Nationalities,2023,10,1.10.2023,886,SSH,SSH,Africa,North Africa,Egypt,120,238,33,Egypt,Egypt,AI,Airports,Sharm el-Sheikh Intl Airport,Sharm el-Sheikh Intl Airport,Main Terminal,Australia,Australia,Australia,Y,I,International,Actual,A,0.039,N,,,,,,,,,
6914224183,2797,33,Pax 2027,3,M1ndset Nationalities,2027,7,1.07.2027,264,DRS,DRS,Europe,EU East,Germany,100,244,44,Germany,Germany,AI,Airports,Dresden Airport,Dresden Airport,Main Terminal,Syria,Syria,Syria,Y,D,Domestic,Forecast,A,0.06,N,,,,,,,,,
2580474098,2805,33,Pax 2035,3,M1ndset Nationalities,2035,1,1.01.2035,188,CIA,CIA,Europe,EU South,Italy,100,243,57,Italy,Italy,AI,Airports,Ciampino-G. B. Pastine Intl Airport,Ciampino-G. B. Pastine Intl Airport,Main Terminal,Other,Other,Other,Y,I,International,Forecast,D,0.236,N,,,,,,,,,