YEAR_NUM,QUARTER_NUM,MONTH_NUM,MONTH_NAME,DATE,DATA_VERSION_ID,DATA_VERSION_NAME,DATA_VERSION_TYPE,DATA_VERSION_KIND_ID,DATA_VERSION_KIND_NAME,START_MONTH_NUM,VP_REGION_ID,VP_REGION_NAME,VP_AREA_ID,VP_AREA_NAME,DF_MARKET_ID,DF_MARKET_NAME,TRADE_CHANNEL_CODE,TRADE_CHANNEL_NAME,SUB_CHANNEL_ID,SUB_CHANNEL_NAME,LOCATION_ID,LOCATION_NAME,LOCATION_DESC,PORT_CODE_ID,IATA_CODE,PORT_CODE_NAME,TERMINAL_ID,TERMINAL_CODE,TERMINAL_NAME,POV_ID,POV_NAME,DEPARTURE_ARRIVAL,DEPARTURE_ARRIVAL_DESC,CUST_DEV_AREA_ID,CUST_DEV_AREA_NAME,CUST_DEV_MANAGER,STATUS_CODE,STATUS_NAME,SKU_ID,SKU_NAME,SKU_REF_ID,SKU_REF_NAME,PRODUCT_CATEGORY_GROUP_ID,PRODUCT_CATEGORY_GROUP_NAME,PRODUCT_CATEGORY_CODE,PRODUCT_CATEGORY_NAME,PRODUCT_CATEGORY_UOM_NAME,PRODUCT_CATEGORY_PLATFORM_ID,PRODUCT_CATEGORY_PLATFORM_NAME,BRAND_FAMILY_CODE,BRAND_FAMILY_NAME,SKU_GROUP_ID,SKU_GROUP_NAME,ORIGINAL_DESIGN_MARKET_CODE,ORIGINAL_DESIGN_MARKET_NAME,ORIGINAL_DESIGN_MARKET_DESC,SUB_MARKET_CODE,SUB_MARKET_NAME,SUB_MARKET_SHORT_NAME,ITEM_PER_BUNDLE,ITEM_PER_PACK,CUSTOMER_ID,CUSTOMER_NAME,CUSTOMER_DESC,COMPANY_ID,COMPANY_NAME,CUSTOMER_GROUP_CODE,CUSTOMER_GROUP_NAME,DISTRIBUTION_HUB_ID,DISTRIBUTION_HUB_NAME,POV_OP_ID,POV_OP_NAME,KEY_ACCOUNT_GLOBAL_ID,KEY_ACCOUNT_GLOBAL_NAME,KEY_ACCOUNT_ID,KEY_ACCOUNT_NAME,PL_ITEM_CODE,PL_ITEM,SEQUENCE_NUM,UOM_NAME,UOM_NUM,VOLUME,STICK_EQUIVALENT,STICK_EQUIVALENT_VOLUME,CURRENCY_CODE,AMOUNT,USD_AMOUNT
2023,1,2,February,1.02.2023,3622,COT 2023 ACT,AC,113,COT Projection,,130,Eurasia,181,Turkey,116,Turkey,BO,Borders,1,Border,3570,Esendere Turkey Iran Border,Esendere Turkey Iran Border (Turkey/Iran-Borders),,,,,,,13828,Setur Esendere Arrival / TR Iran Border,A,Arrival,42,Turkey Borders & NTR,Emre Okten,O,Active,14587,PARLIAMENT - NIGHT BLUE KS RCB WHITE - TURKEY DF,14587,PARLIAMENT - NIGHT BLUE KS RCB WHITE - TURKEY DF,1,Consumables,F0101,Cigarettes,Cigarettes (Th.),2,CC,PARLI,PARLIAMENT,1171,PARLIAMENT - NIGHT BLUE KS RCB,TR05,TURKEY DF,TURKEY DF,1,-,,200,20,2932,SETUR SERVIS TU A.S.,SETUR SERVIS TU A.S. (3230-2166078),3230,PM TRAVEL RTL TR DF,129,Setur Servis Turist.,4,Istanbul Hub,7563,Setur Servis Turistik A.S,,,,,NOR,PMIDF NOR,13,Th.,1000,,1000,,TRY,-1186.368,-62.94001511
2024,2,5,May,1.05.2024,3925,COT 2024 ACT,AC,113,COT Projection,,109,Japan and Korea,175,Japan,59,Japan,AI,Airports,3,Airport Shop,490,Tokyo - Narita,Tokyo - Narita (Japan-Airports),671,NRT,Narita Intl Airport (formerly New Tokyo Intl),503,NRT1,Terminal 1,864,ADF T1 (Satellite 4),D,Departure,24,Japan,Akiko Tanaka,O,Active,23733,RRP HTP Sticks TEREA - BLACK TROPICAL MENTHOL MENTHOL SLIMS WHITE - JAPAN DF,23733,RRP HTP Sticks TEREA - BLACK TROPICAL MENTHOL MENTHOL SLIMS WHITE - JAPAN DF,1,Consumables,M0101,RRP HTP Sticks,RRP HTP Sticks (Th.),1,P1,TEREA,TEREA,6887,RRP HTP Sticks TEREA - BLACK TROPICAL MENTHOL MENTHOL,JP05,JAPAN DF,JAPAN DF,1,-,,200,20,3073,ANA TRADING DF CO,ANA TRADING DF CO (1695-10092509),1695,PMJLTD,256,Generic Japan,3,Hong Kong Hub,8597,"JP (Others) - ANA Trading Duty Free Co., Ltd.",,,233,ANA Trading Group,NOR,PMIDF NOR,13,Th.,1000,,1000,,JPY,13928.665,89.4304042
2023,4,12,December,1.12.2023,3622,COT 2023 ACT,AC,113,COT Projection,,120,Africa,238,North Africa,115,Tunisia,AI,Airports,3,Airport Shop,313,Jerba,Jerba (Tunisia-Airports),252,DJE,Djerba-Zarzis Intl Airport,1177,DJE,Main Terminal,1920,"TDF Jerba, Arrival",A,Arrival,28,North West Africa,Anass Benmessaoud,O,Active,23369,MARLBORO - GOLD (3.5) KS RCB - GENERIC DF-ENG TXT - ALTERNATIVE,23369,MARLBORO - GOLD (3.5) KS RCB - GENERIC DF-ENG TXT - ALTERNATIVE,1,Consumables,F0101,Cigarettes,Cigarettes (Th.),2,CC,MARLB,MARLBORO,6031,MARLBORO - GOLD (3.5) KS RCB,GX05,GENERIC DF-ENG TXT,GENERIC DF-ENG TXT,118,ALTERNATIVE,ALTER,200,20,2967,COBWEB HEINEMANN,COBWEB HEINEMANN (1109-2270300),1109,PM WORLD TRADE,267,Cobweb Distrib. SA,4,Istanbul Hub,8996,Tunisia Duty Free,2,Heinemann Global,1,Gebr. Heinemann,NOR,PMIDF NOR,13,Th.,1000,,1000,,EUR,559.64,608.5828194
2025,2,5,May,1.05.2025,4192,COT 2025 ACT,AC,113,COT Projection,,107,Americas,215,Caribbean,32,Dominican Republic,AI,Airports,3,Airport Shop,578,Puerto Plata,Puerto Plata (Dominican Republic-Airports),749,POP,Puerto Plata Airport,333,POP,Main Terminal,3450,Celebrity (7502_22),D,Departure,8,Central America & Caribbean,Juan Zamorano,O,Active,25272,L&M - DOUBLE FORWARD MENTHOL KS RCB C WHITE - GENERIC DF-ENG TXT,25272,L&M - DOUBLE FORWARD MENTHOL KS RCB C WHITE - GENERIC DF-ENG TXT,1,Consumables,F0101,Cigarettes,Cigarettes (Th.),2,CC,L&M,L&M,5216,L&M - DOUBLE FORWARD MENTHOL KS RCB,GX05,GENERIC DF-ENG TXT,GENERIC DF-ENG TXT,1,-,,200,20,2930,"WEITNAUER, PANAMA","WEITNAUER, PANAMA (1109-2164800)",1109,PM WORLD TRADE,149,Weitnauer Distr. Ltd,2,EU&LatAm Hub,8848,Inversiones Tunc S.A.,1,Dufry Global,2,Dufry,NOR,PMIDF NOR,13,Th.,1000,,1000,,USD,62.25,62.25
2024,2,6,June,1.06.2024,3925,COT 2024 ACT,AC,113,COT Projection,,100,Europe,242,EU West,118,Great Britain,AI,Airports,3,Airport Shop,122,Bristol,Bristol (Great Britain-Airports),143,BRS,Bristol Airport,280,BRS,Main Terminal,1685,Bristol BRS WDF Main - 425,D,Departure,17,EU West,Tomasz Zuzlik,O,Active,21299,MARLBORO - GOLD (2.0 ORIGINAL) KS RCB 600 SPECIAL OUTER - UNITED KINGDOM DF - IDM UNITED KINGDOM,21299,MARLBORO - GOLD (2.0 ORIGINAL) KS RCB 600 SPECIAL OUTER - UNITED KINGDOM DF - IDM UNITED KINGDOM,1,Consumables,F0101,Cigarettes,Cigarettes (Th.),2,CC,MARLB,MARLBORO,4903,MARLBORO - GOLD (2.0 ORIGINAL) KS RCB 600,UK05,UNITED KINGDOM DF,UNITED KINGDOM DF,76,IDM UNITED KINGDOM,UK,600,20,2942,Overseas (GBP),Overseas (GBP) (1109-2230514),1109,PM WORLD TRADE,107,Overseas Trading,2,EU&LatAm Hub,4472,World Duty Free Group (UK),1,Dufry Global,3,World Duty Free Group,NOR,PMIDF NOR,13,Th.,1000,,1000,,GBP,892.62,1134.084414
2024,4,11,November,1.11.2024,3925,COT 2024 ACT,AC,113,COT Projection,,110,Middle East,302,GCC & Yemen,8,Bahrain,AI,Airports,3,Airport Shop,2966,Manama,Manama (Bahrain-Airports),76,BAH,Bahrain Intl Airport,423,BAH,Main Terminal,3509,Bahrain Duty Free Departure,D,Departure,18,GCC & Yemen,Efe Dogruoglu,O,Active,21442,PARLIAMENT - AQUA BLUE KS RCS 400 TRANSPARENT BUNDLE WHITE - GENERIC DF-ENG TXT,21442,PARLIAMENT - AQUA BLUE KS RCS 400 TRANSPARENT BUNDLE WHITE - GENERIC DF-ENG TXT,1,Consumables,F0101,Cigarettes,Cigarettes (Th.),2,CC,PARLI,PARLIAMENT,4994,PARLIAMENT - AQUA BLUE KS RCS 400,GX05,GENERIC DF-ENG TXT,GENERIC DF-ENG TXT,1,-,,400,20,3045,Rash. GCC,Rash. GCC (1109-2465151),1109,PM WORLD TRADE,120,Rashideen Intl. Trd.,1,MEA Hub,8922,Bahrain Duty Free,,,7,Aer Rianta International,NOR,PMIDF NOR,13,Th.,1000,,1000,,USD,8756.94,8756.94
2023,4,12,December,1.12.2023,3622,COT 2023 ACT,AC,113,COT Projection,,110,Middle East,302,GCC & Yemen,8,Bahrain,AI,Airports,3,Airport Shop,2966,Manama,Manama (Bahrain-Airports),76,BAH,Bahrain Intl Airport,423,BAH,Main Terminal,3509,Bahrain Duty Free Departure,D,Departure,18,GCC & Yemen,Efe Dogruoglu,O,Active,21940,RRP HTP Sticks TEREA - AMBER SLIMS WHITE - DF 30-0% ENG HW SH,21940,RRP HTP Sticks TEREA - AMBER SLIMS WHITE - DF 30-0% ENG HW SH,1,Consumables,M0101,RRP HTP Sticks,RRP HTP Sticks (Th.),1,P1,TEREA,TEREA,6289,RRP HTP Sticks TEREA - AMBER,RH05,DF 30-0% ENG HW SH,DF 30-0% ENG HW SHOVEL BLEND,1,-,,200,20,3045,Rash. GCC,Rash. GCC (1109-2465151),1109,PM WORLD TRADE,120,Rashideen Intl. Trd.,1,MEA Hub,8922,Bahrain Duty Free,,,7,Aer Rianta International,NOR,PMIDF NOR,13,Th.,1000,,1000,,USD,7390.2,7390.2
2023,1,2,February,1.02.2023,3622,COT 2023 ACT,AC,113,COT Projection,,130,Eurasia,181,Turkey,116,Turkey,AI,Airports,3,Airport Shop,338,Kayseri Airport,Kayseri Airport (Turkey-Airports),624,ASR,Erkilet Intl Airport,232,ASR,Main Terminal,23,Net Kayseri Arrival,A,Arrival,41,Turkey Airports,Goksel Gozutok,O,Active,21224,L&M - BLUE LABEL (5.0 CWB) KS RCB - TURKEY DF,21224,L&M - BLUE LABEL (5.0 CWB) KS RCB - TURKEY DF,1,Consumables,F0101,Cigarettes,Cigarettes (Th.),2,CC,L&M,L&M,5986,L&M - BLUE LABEL (5.0 CWB) KS RCB,TR05,TURKEY DF,TURKEY DF,1,-,,200,20,3050,INTL OPS SVCS TR,INTL OPS SVCS TR (3230-2467129),3230,PM TRAVEL RTL TR DF,268,INTL OPS&SVCS,4,Istanbul Hub,7804,Net,1,Dufry Global,4,Nuance,NOR,PMIDF NOR,13,Th.,1000,,1000,,EUR,35.1,37.57306733
2024,1,3,March,1.03.2024,3925,COT 2024 ACT,AC,113,COT Projection,,100,Europe,242,EU West,39,France,AI,Airports,3,Airport Shop,524,Paris Orly,Paris Orly (France-Airports),697,ORY,Orly Intl Airport,8443,ORY3,Terminal 3,15036,LOB1_BUY PARIS DUTY FREE,D,Departure,17,EU West,Tomasz Zuzlik,O,Active,21309,MARLBORO - (RED FWD) KS BOX - FRANCE DF GHW-FR05 - IDM FRANCE,21309,MARLBORO - (RED FWD) KS BOX - FRANCE DF GHW-FR05 - IDM FRANCE,1,Consumables,F0101,Cigarettes,Cigarettes (Th.),2,CC,MARLB,MARLBORO,4668,MARLBORO - (RED FWD) KS BOX,FR05,FRANCE DF GHW-FR05,FRANCE DF GHW-FR05,73,IDM FRANCE,FR,200,20,98,Ets. M. Pons SA,Ets. M. Pons SA (1109-100556),1109,PM WORLD TRADE,59,Ets. M. Pons SA,2,EU&LatAm Hub,9429,Aeroboutique France SAS,3,Lagardere Global,6,Aelia,NOR,PMIDF NOR,13,Th.,1000,,1000,,EUR,6639.22,7218.322999
2025,2,5,May,1.05.2025,4192,COT 2025 ACT,AC,113,COT Projection,,130,Eurasia,235,Greece & Cyprus,47,Greece,BO,Borders,1,Border,1033,Greece/Albania,Greece/Albania (Greece/Albania-Borders),,,,,,,5284,Sagiada,D,Departure,40,"Greece, Israel, Cyprus",Ozan Kucukkayikci,O,Active,24123,RRP HTP Sticks TEREA - WARM FUSE SLIMS WHITE - 30-30% ENG HW EU DF - IDM GREECE,24123,RRP HTP Sticks TEREA - WARM FUSE SLIMS WHITE - 30-30% ENG HW EU DF - IDM GREECE,1,Consumables,M0101,RRP HTP Sticks,RRP HTP Sticks (Th.),1,P1,TEREA,TEREA,6825,RRP HTP Sticks TEREA - WARM FUSE,RP05,30-30% ENG HW EU DF,30-30% ENG HW EU DF,77,IDM GREECE,GR,200,20,2994,DFS - Greece,DFS - Greece (1109-2378530),1109,PM WORLD TRADE,268,INTL OPS&SVCS,4,Istanbul Hub,5014,Hellenic Duty Free Shops S.A.,1,Dufry Global,26,Folli Follie,NOR,PMIDF NOR,13,Th.,1000,,1000,,EUR,72.76,82.04723337
2024,4,12,December,1.12.2024,3925,COT 2024 ACT,AC,113,COT Projection,,104,China and SEA,34,China,23,China,SH,Shipchandling,11,Ship,2453,Yantai,Yantai (China-Shipchandling),,,,,,,1012,Yantai FSS,,,10,China,Connie Zhuo,O,Active,18840,MARLBORO - (RED FWD) KS BOX - CHINA DF - IDM CN05 CHINA DF GROUP (ZM),22767,MARLBORO - RED 3.5 KS BOX - CHINA DF - IDM CN05 CHINA DF GROUP (ZM),1,Consumables,F0101,Cigarettes,Cigarettes (Th.),2,CC,MARLB,MARLBORO,4668,MARLBORO - (RED FWD) KS BOX,CN05,CHINA DF,CHINA DF,57,IDM CN05 CHINA DF GROUP (ZM),CN05-ZM,200,20,3035,HKCNDFM - China,HKCNDFM - China (3226-2456489),3226,PM TRAVEL RTL HK,329,CDFG,3,Hong Kong Hub,16569,"CN (CDFG) - Yantai Foreign Ship Supply Co., Ltd",,,234,China Duty Free Group,NOR,PMIDF NOR,13,Th.,1000,,1000,,USD,2611.056,2611.056
2024,3,9,September,1.09.2024,3925,COT 2024 ACT,AC,113,COT Projection,,130,Eurasia,181,Turkey,116,Turkey,AI,Airports,3,Airport Shop,186,Dalaman Airport,Dalaman Airport (Turkey-Airports),257,DLM,Dalaman Airport,1049,DLM,Main Terminal,12787,Unifree Dalaman Departure Best Of,D,Departure,41,Turkey Airports,Goksel Gozutok,O,Active,21216,L&M - RED LABEL (5.0 CWB) 100's SOFT - TURKEY DF,21216,L&M - RED LABEL (5.0 CWB) 100's SOFT - TURKEY DF,1,Consumables,F0101,Cigarettes,Cigarettes (Th.),2,CC,L&M,L&M,6054,L&M - RED LABEL (5.0 CWB) 100's SOFT,TR05,TURKEY DF,TURKEY DF,1,-,,200,20,2933,Heinemann - Turkey,Heinemann - Turkey (3230-2166079),3230,PM TRAVEL RTL TR DF,66,Gebr. Heinemann,4,Istanbul Hub,7806,UNIFREE DUTY FREE ISLETMECILIGI A.S.,2,Heinemann Global,41,Unifree,NOR,PMIDF NOR,13,Th.,1000,,1000,,EUR,539.12,598.9677827
2023,3,7,July,1.07.2023,3622,COT 2023 ACT,AC,113,COT Projection,,130,Eurasia,181,Turkey,116,Turkey,BO,Borders,1,Border,1011,Derekoy Turkey Bulgaria Border,Derekoy Turkey Bulgaria Border (Turkey/Bulgaria-Borders),,,,,,,164,Derekoy Unifree Arrival / TR Bulgaria Border,A,Arrival,42,Turkey Borders & NTR,Emre Okten,O,Active,20364,MARLBORO - (RED FWD) KS BOX 600 SPECIAL OUTER - TURKEY DF - BASE PRODUCT DF,22925,MARLBORO - RED 3.5 KS BOX 600 SPECIAL OUTER - TURKEY DF - BASE PRODUCT DF,1,Consumables,F0101,Cigarettes,Cigarettes (Th.),2,CC,MARLB,MARLBORO,4670,MARLBORO - (RED FWD) KS BOX 600,TR05,TURKEY DF,TURKEY DF,55,BASE PRODUCT DF,055,600,20,2933,Heinemann - Turkey,Heinemann - Turkey (3230-2166079),3230,PM TRAVEL RTL TR DF,66,Gebr. Heinemann,4,Istanbul Hub,7806,UNIFREE DUTY FREE ISLETMECILIGI A.S.,2,Heinemann Global,41,Unifree,NOR,PMIDF NOR,13,Th.,1000,,1000,,EUR,873.57,966.0002021
2023,3,8,August,1.08.2023,3622,COT 2023 ACT,AC,113,COT Projection,,130,Eurasia,245,Balkans,18,Bulgaria,AI,Airports,3,Airport Shop,678,Sofia,Sofia (Bulgaria-Airports),877,SOF,Sofia Airport,101,SOF,Main Terminal,16790,SHOP 3 DEPARTURES MAIN (BGSA),D,Departure,39,"Russia,Balkans,CA, Eastern Europe",Egor Mazelev,O,Active,22228,RRP HTP Sticks HEETS - TEAK SLIMS WHITE - 30-30% ENG HW EU DF,22228,RRP HTP Sticks HEETS - TEAK SLIMS WHITE - 30-30% ENG HW EU DF,1,Consumables,M0101,RRP HTP Sticks,RRP HTP Sticks (Th.),1,P1,HEETS,HEETS,6369,RRP HTP Sticks HEETS - TEAK,RP05,30-30% ENG HW EU DF,30-30% ENG HW EU DF,1,-,,200,20,74,Overseas Trd. Co.,Overseas Trd. Co. (1109-100546),1109,PM WORLD TRADE,107,Overseas Trading,2,EU&LatAm Hub,8252,Nuance Bulgaria,1,Dufry Global,4,Nuance,NOR,PMIDF NOR,13,Th.,1000,,1000,,USD,-161.25,-161.25
2023,3,8,August,1.08.2023,3622,COT 2023 ACT,AC,113,COT Projection,,100,Europe,243,EU South,105,Spain,AI,Airports,3,Airport Shop,749,Valencia,Valencia (Spain-Airports),1004,VLC,Valencia Airport,274,VLC,Main Terminal,2385,WDFG Duty Free Shop - Valencia,D,Departure,50,EU South-West,Dorian Portes,O,Active,21153,MARLBORO - GOLD (3.5) KS RCB 400 TRANSPARENT BUNDLE - SPAIN DF - IDM SPAIN,21153,MARLBORO - GOLD (3.5) KS RCB 400 TRANSPARENT BUNDLE - SPAIN DF - IDM SPAIN,1,Consumables,F0101,Cigarettes,Cigarettes (Th.),2,CC,MARLB,MARLBORO,6035,MARLBORO - GOLD (3.5) KS RCB 400,ES05,SPAIN DF,SPAIN DF,92,IDM SPAIN,ES,400,20,3089,DIAG,DIAG (1109-2505743),1109,PM WORLD TRADE,268,INTL OPS&SVCS,2,EU&LatAm Hub,6739,World Duty Free Group (Spain),1,Dufry Global,3,World Duty Free Group,NOR,PMIDF NOR,13,Th.,1000,,1000,,EUR,3112.02,3395.214513
2025,1,3,March,1.03.2025,4192,COT 2025 ACT,AC,113,COT Projection,,107,Americas,257,Mexico & Belize,77,Mexico,AI,Airports,3,Airport Shop,579,Puerto Vallarta,Puerto Vallarta (Mexico-Airports),772,PVR,Lic. Gustavo Diaz Ordaz Intl Airport,471,PVR,Main Terminal,12720,Puerto Vallarta Llegadas,A,Arrival,8,Central America & Caribbean,Juan Zamorano,O,Active,23043,MARLBORO - RED 3.5 KS BOX - GENERIC DF-ENG TXT,23043,MARLBORO - RED 3.5 KS BOX - GENERIC DF-ENG TXT,1,Consumables,F0101,Cigarettes,Cigarettes (Th.),2,CC,MARLB,MARLBORO,6570,MARLBORO - RED 3.5 KS BOX,GX05,GENERIC DF-ENG TXT,GENERIC DF-ENG TXT,1,-,,200,20,754,INTL OPS SVCS LA,INTL OPS SVCS LA (1109-100587),1109,PM WORLD TRADE,268,INTL OPS&SVCS,2,EU&LatAm Hub,8882,Dufry Mexico SA de CV. / Veracruz,1,Dufry Global,2,Dufry,NOR,PMIDF NOR,13,Th.,1000,,1000,,USD,148.7,148.7
2025,1,2,February,1.02.2025,4192,COT 2025 ACT,AC,113,COT Projection,,104,China and SEA,173,"HK, MO, TW",51,Hong Kong,DI,Diplomatic,17,Diplomatic,1286,Hong Kong,Hong Kong (Hong Kong-Diplomatic),,,,,,,418,Diplomatic,,,36,Hong Kong,Joe Lam,O,Active,18827,MARLBORO - (RED FWD) KS BOS TRANSPARENT BUNDLE - HONG KONG DOM,18827,MARLBORO - (RED FWD) KS BOS TRANSPARENT BUNDLE - HONG KONG DOM,1,Consumables,F0101,Cigarettes,Cigarettes (Th.),2,CC,MARLB,MARLBORO,4827,MARLBORO - (RED FWD) KS BOS,HK04,HONG KONG DOM,HONG KONG DOM,1,-,,200,20,2924,GOLDPOLY Co Ltd - 4H,GOLDPOLY Co Ltd - 4H (3226-2160558),3226,PM TRAVEL RTL HK,304,GOLDPOLY Cie Ltd,3,Hong Kong Hub,8558,Hong Kong Crewstores,,,,,NOR,PMIDF NOR,13,Th.,1000,,1000,,USD,5353.7,5353.7
2024,1,3,March,1.03.2024,3925,COT 2024 ACT,AC,113,COT Projection,,107,Americas,257,Mexico & Belize,77,Mexico,AI,Airports,3,Airport Shop,136,Cancun,Cancun (Mexico-Airports),228,CUN,Cancun Intl Airport,955,CUN,Main Terminal,5998,890S177-Cancun T3 Llegadas Df,A,Arrival,8,Central America & Caribbean,Juan Zamorano,O,Active,19232,MARLBORO - ICE BLAST MEGA MENTHOL KS BOX C TRANSPARENT BUNDLE WHITE - LA&CANADA DF-ENG TXT,19232,MARLBORO - ICE BLAST MEGA MENTHOL KS BOX C TRANSPARENT BUNDLE WHITE - LA&CANADA DF-ENG TXT,1,Consumables,F0101,Cigarettes,Cigarettes (Th.),2,CC,MARLB,MARLBORO,5432,MARLBORO - ICE BLAST MEGA MENTHOL KS BOX,DT05,LA&CANADA DF-ENG TXT,LA&CANADA DF-ENG TXT,1,-,,200,20,754,INTL OPS SVCS LA,INTL OPS SVCS LA (1109-100587),1109,PM WORLD TRADE,268,INTL OPS&SVCS,2,EU&LatAm Hub,8882,Dufry Mexico SA de CV. / Veracruz,1,Dufry Global,2,Dufry,NOR,PMIDF NOR,13,Th.,1000,,1000,,USD,874.13,874.13
2023,1,2,February,1.02.2023,3622,COT 2023 ACT,AC,113,COT Projection,,100,Europe,296,EU North,83,Norway,AI,Airports,3,Airport Shop,93,Bergen,Bergen (Norway-Airports),100,BGO,"Bergen Airport, Flesland",920,BGO,Main Terminal,7548,Bergen DFS Arrival,A,Arrival,48,EU North-West,Michelle Rosenkrantz,O,Active,20616,RYO PETTEROE'S - ORIGINAL 2  P63 250  50  TRANSPARENT BUNDLE  - NORWAY DF - IDM NORWAY,20616,RYO PETTEROE'S - ORIGINAL 2  P63 250  50  TRANSPARENT BUNDLE  - NORWAY DF - IDM NORWAY,1,Consumables,F0106,Roll Your Own,Roll Your Own (Kg.),5,OTP,PTT,PETTEROE'S,5882,RYO PETTEROE'S - ORIGINAL 2  P63 250,NW05,NORWAY DF,NORWAY DF,86,IDM NORWAY,NO,250,50,2982,Heinemann Europe,Heinemann Europe (1109-2356531),1109,PM WORLD TRADE,66,Gebr. Heinemann,4,Istanbul Hub,4715,Gebr. Heinemann (Europe),2,Heinemann Global,1,Gebr. Heinemann,NOR,PMIDF NOR,13,Kg.,1000,,1666,,EUR,25.218,26.99480376
2023,2,6,June,1.06.2023,3622,COT 2023 ACT,AC,113,COT Projection,,100,Europe,243,EU South,207,Spain DP,AI,Airports,3,Airport Shop,299,Ibiza,Ibiza (Spain DP-Airports),413,IBZ,Ibiza Airport,1015,IBZ,Main Terminal,8199,WDFG Duty Free Shop - Ibiza Shop DP,D,Departure,50,EU South-West,Dorian Portes,O,Active,21110,PHILIP MORRIS - KS BOX TRANSPARENT BUNDLE - SPAIN DF - IDM SPAIN,21110,PHILIP MORRIS - KS BOX TRANSPARENT BUNDLE - SPAIN DF - IDM SPAIN,1,Consumables,F0101,Cigarettes,Cigarettes (Th.),2,CC,PHILI,PHILIP MORRIS,1248,PHILIP MORRIS - KS BOX,ES05,SPAIN DF,SPAIN DF,92,IDM SPAIN,ES,200,20,3089,DIAG,DIAG (1109-2505743),1109,PM WORLD TRADE,268,INTL OPS&SVCS,2,EU&LatAm Hub,6739,World Duty Free Group (Spain),1,Dufry Global,3,World Duty Free Group,NOR,PMIDF NOR,13,Th.,1000,,1000,,EUR,2077.74,2253.603479
2023,2,6,June,1.06.2023,3622,COT 2023 ACT,AC,113,COT Projection,,100,Europe,244,EU East,90,Poland,AI,Airports,3,Airport Shop,336,Katowice,Katowice (Poland-Airports),493,KTW,Katowice Intl Airport,1136,KTW,Main Terminal,13678,Baltona B 66 Terminal B KTW,D,Departure,15,EU East,Taras Bigun,O,Active,22726,MARLBORO - RED 3.5 KS BOX 400 TRANSPARENT BUNDLE - ENGLISH GHW TPD2 DF - IDM POLAND,22726,MARLBORO - RED 3.5 KS BOX 400 TRANSPARENT BUNDLE - ENGLISH GHW TPD2 DF - IDM POLAND,1,Consumables,F0101,Cigarettes,Cigarettes (Th.),2,CC,MARLB,MARLBORO,6571,MARLBORO - RED 3.5 KS BOX 400,XE05,ENGLISH GHW TPD2 DF,ENGLISH GHW TPD DF,87,IDM POLAND,PL,400,20,74,Overseas Trd. Co.,Overseas Trd. Co. (1109-100546),1109,PM WORLD TRADE,107,Overseas Trading,2,EU&LatAm Hub,4884,Baltona SA,,,209,Flemingo,NOR,PMIDF NOR,13,Th.,1000,,1000,,EUR,4323.98,4689.969087
2024,1,1,January,1.01.2024,3925,COT 2024 ACT,AC,113,COT Projection,,100,Europe,242,EU West,39,France,AI,Airports,3,Airport Shop,151,Paris Charles De Gaulle,Paris Charles De Gaulle (France-Airports),172,CDG,Charles de Gaulle Airport (Roissy Airport),410,CDG2B,Terminal 2B,16084,LBLM,D,Departure,17,EU West,Tomasz Zuzlik,O,Active,23893,RRP HTP Sticks HEETS - SIENNA SELECTION SLIMS WHITE - FRANCE DOM,23893,RRP HTP Sticks HEETS - SIENNA SELECTION SLIMS WHITE - FRANCE DOM,1,Consumables,M0101,RRP HTP Sticks,RRP HTP Sticks (Th.),1,P1,HEETS,HEETS,5871,RRP HTP Sticks HEETS - SIENNA SELECTION,FR04,FRANCE DOM,FRANCE DOM,1,-,,200,20,98,Ets. M. Pons SA,Ets. M. Pons SA (1109-100556),1109,PM WORLD TRADE,59,Ets. M. Pons SA,2,EU&LatAm Hub,9434,Societe de Distribution Aeroportuaire SAS,3,Lagardere Global,6,Aelia,NOR,PMIDF NOR,13,Th.,1000,,1000,,EUR,113.722,124.0761857
2025,1,1,January,1.01.2025,4192,COT 2025 ACT,AC,113,COT Projection,,109,Japan and Korea,286,South Korea,63,South Korea,AI,Airports,3,Airport Shop,347,Busan - Kimhae,Busan - Kimhae (South Korea-Airports),766,PUS,Gimhae Intl Airport,853,PUS,Main Terminal,15848,KBK (Kimhae Arrival),A,Arrival,31,South Korea,Jun Seok Kim,O,Active,21392,MARLBORO - SILVER BLUE (3.5) KS RCB WHITE - KOREA DF,21392,MARLBORO - SILVER BLUE (3.5) KS RCB WHITE - KOREA DF,1,Consumables,F0101,Cigarettes,Cigarettes (Th.),2,CC,MARLB,MARLBORO,6038,MARLBORO - SILVER BLUE (3.5) KS RCB,KR05,KOREA DF,KOREA DF,1,-,,200,20,3096,GLOBAL SY,GLOBAL SY (1109-2529539),1109,PM WORLD TRADE,269,YEONIL,3,Hong Kong Hub,7534,KR (Others/DT) - Kyung Bok Kung Duty Free (previously ENTAS),,,219,Entas,NOR,PMIDF NOR,13,Th.,1000,,1000,,USD,183.6,183.6
2023,1,1,January,1.01.2023,3622,COT 2023 ACT,AC,113,COT Projection,,130,Eurasia,601,Russia,245,Kaliningrad,BO,Borders,1,Border,1077,Kaliningrad (Poland Border),Kaliningrad (Poland Border) (Kaliningrad/Poland-Borders),,,,,,,15643,Philipp LLC - Bagrationovsk (Kaliningrad/Poland) 11,D,Departure,39,"Russia,Balkans,CA, Eastern Europe",Egor Mazelev,O,Active,20827,MARLBORO - (RED FWD) KS RCS WHITE - RUSSIA DF - IDM RUSSIA,23794,MARLBORO - (RED FWD) KS RCB WHITE - RUSSIA DF - IDM RUSSIA,1,Consumables,F0101,Cigarettes,Cigarettes (Th.),2,CC,MARLB,MARLBORO,4833,MARLBORO - (RED FWD) KS RCS,RU05,RUSSIA DF,RUSSIA DF,95,IDM RUSSIA,RU,200,20,55,Weitnauer EU,Weitnauer EU (1109-100542),1109,PM WORLD TRADE,149,Weitnauer Distr. Ltd,2,EU&LatAm Hub,4888,Philipp LLC,,,,,NOR,PMIDF NOR,13,Th.,1000,,1000,,EUR,20.34,21.94075655
2024,4,10,October,1.10.2024,3925,COT 2024 ACT,AC,113,COT Projection,,120,Africa,238,North Africa,33,Egypt,AI,Airports,3,Airport Shop,131,Cairo,Cairo (Egypt-Airports),164,CAI,Cairo Intl Airport,620,CAI3,Terminal 3,6850,CADF Cairo Airport Terminal 3 Departure,D,Departure,27,North East Africa,Omar Abuelsenoun,O,Active,23043,MARLBORO - RED 3.5 KS BOX - GENERIC DF-ENG TXT,23043,MARLBORO - RED 3.5 KS BOX - GENERIC DF-ENG TXT,1,Consumables,F0101,Cigarettes,Cigarettes (Th.),2,CC,MARLB,MARLBORO,6570,MARLBORO - RED 3.5 KS BOX,GX05,GENERIC DF-ENG TXT,GENERIC DF-ENG TXT,1,-,,200,20,3047,Rash. EGYPT,Rash. EGYPT (1109-2465154),1109,PM WORLD TRADE,120,Rashideen Intl. Trd.,1,MEA Hub,8934,Cairo Airport Duty Free,,,,,NOR,PMIDF NOR,13,Th.,1000,,1000,,USD,246.584,246.584
2025,2,5,May,1.05.2025,4192,COT 2025 ACT,AC,113,COT Projection,,130,Eurasia,235,Greece & Cyprus,47,Greece,BO,Borders,1,Border,1032,Greece/FYROM,Greece/FYROM (Greece/North Macedonia-Borders),,,,,,,2923,Evzoni,D,Departure,40,"Greece, Israel, Cyprus",Ozan Kucukkayikci,O,Active,22718,MARLBORO - RED 3.5 KS BOX - ENGLISH GHW TPD2 DF - IDM GREECE,22718,MARLBORO - RED 3.5 KS BOX - ENGLISH GHW TPD2 DF - IDM GREECE,1,Consumables,F0101,Cigarettes,Cigarettes (Th.),2,CC,MARLB,MARLBORO,6570,MARLBORO - RED 3.5 KS BOX,XE05,ENGLISH GHW TPD2 DF,ENGLISH GHW TPD DF,77,IDM GREECE,GR,200,20,2994,DFS - Greece,DFS - Greece (1109-2378530),1109,PM WORLD TRADE,268,INTL OPS&SVCS,4,Istanbul Hub,5014,Hellenic Duty Free Shops S.A.,1,Dufry Global,26,Folli Follie,NOR,PMIDF NOR,13,Th.,1000,,1000,,EUR,2110.5,2379.888483
2023,2,6,June,1.06.2023,3622,COT 2023 ACT,AC,113,COT Projection,,109,Japan and Korea,175,Japan,59,Japan,AI,Airports,3,Airport Shop,490,Tokyo - Narita,Tokyo - Narita (Japan-Airports),671,NRT,Narita Intl Airport (formerly New Tokyo Intl),503,NRT1,Terminal 1,868,JATCO T1 N-1,D,Departure,24,Japan,Ryo Suzuki,O,Active,18338,MARLBORO - PURPLE BURST MENTHOL KS BOX C TRU WHITE - JAPAN DF,18338,MARLBORO - PURPLE BURST MENTHOL KS BOX C TRU WHITE - JAPAN DF,1,Consumables,F0101,Cigarettes,Cigarettes (Th.),2,CC,MARLB,MARLBORO,5195,MARLBORO - PURPLE BURST MENTHOL KS BOX,JP05,JAPAN DF,JAPAN DF,1,-,,200,20,3056,JATCO(NARITA),JATCO(NARITA) (1695-10000005),1695,PMJLTD,256,Generic Japan,3,Hong Kong Hub,8575,"JP (Jatco) - Japan Airport Terminal Co., Ltd.",,,,,NOR,PMIDF NOR,13,Th.,1000,,1000,,JPY,90880,643.0289221
2024,2,5,May,1.05.2024,3925,COT 2024 ACT,AC,113,COT Projection,,130,Eurasia,181,Turkey,116,Turkey,AI,Airports,3,Airport Shop,622,Samsun Airport,Samsun Airport (Turkey-Airports),1186,SZF,Carsamba Airport,426,SZF,Main Terminal,4145,Setur Samsun Arrival,A,Arrival,41,Turkey Airports,Goksel Gozutok,O,Active,14531,PARLIAMENT - NIGHT BLUE 100's SOFT WHITE - TURKEY DF,14531,PARLIAMENT - NIGHT BLUE 100's SOFT WHITE - TURKEY DF,1,Consumables,F0101,Cigarettes,Cigarettes (Th.),2,CC,PARLI,PARLIAMENT,1170,PARLIAMENT - NIGHT BLUE 100's SOFT,TR05,TURKEY DF,TURKEY DF,1,-,,200,20,2932,SETUR SERVIS TU A.S.,SETUR SERVIS TU A.S. (3230-2166078),3230,PM TRAVEL RTL TR DF,129,Setur Servis Turist.,4,Istanbul Hub,7563,Setur Servis Turistik A.S,,,,,NOR,PMIDF NOR,13,Th.,1000,,1000,,EUR,391.706,423.6476381
2023,3,8,August,1.08.2023,3622,COT 2023 ACT,AC,113,COT Projection,,110,Middle East,214,Levant,60,Jordan,BO,Borders,1,Border,1179,Sheikh Hussein Bridge (Israel border),Sheikh Hussein Bridge (Israel border) (Jordan/Israel-Borders),,,,,,,3013,SHB Border Shop  Jordan / Israel,D,Departure,25,Levant,Chadi Jabak,O,Active,21684,MARLBORO - FLAVOR MIX (FWD) KS RCS - GENERIC DF-ENG TXT,21684,MARLBORO - FLAVOR MIX (FWD) KS RCS - GENERIC DF-ENG TXT,1,Consumables,F0101,Cigarettes,Cigarettes (Th.),2,CC,MARLB,MARLBORO,4920,MARLBORO - FLAVOR MIX (FWD) KS RCS,GX05,GENERIC DF-ENG TXT,GENERIC DF-ENG TXT,1,-,,200,20,3090,Rash. JORDAN,Rash. JORDAN (1109-2508475),1109,PM WORLD TRADE,120,Rashideen Intl. Trd.,1,MEA Hub,8966,Jordan Duty Free,,,,,NOR,PMIDF NOR,13,Th.,1000,,1000,,USD,610.884,610.884
2023,4,12,December,1.12.2023,3622,COT 2023 ACT,AC,113,COT Projection,,130,Eurasia,181,Turkey,116,Turkey,BO,Borders,1,Border,3737,Van Setur Kapikoy Turkey Iran Border,Van Setur Kapikoy Turkey Iran Border (Turkey/Iran-Borders),,,,,,,15235,Setur Kapikoy Departure / TR  Iran Border ,D,Departure,42,Turkey Borders & NTR,Emre Okten,O,Active,23113,MARLBORO - SILVER BLUE (3.5) KS RCS WHITE - TURKEY DF,23113,MARLBORO - SILVER BLUE (3.5) KS RCS WHITE - TURKEY DF,1,Consumables,F0101,Cigarettes,Cigarettes (Th.),2,CC,MARLB,MARLBORO,6105,MARLBORO - SILVER BLUE (3.5) KS RCS,TR05,TURKEY DF,TURKEY DF,1,-,,200,20,2932,SETUR SERVIS TU A.S.,SETUR SERVIS TU A.S. (3230-2166078),3230,PM TRAVEL RTL TR DF,129,Setur Servis Turist.,4,Istanbul Hub,7563,Setur Servis Turistik A.S,,,,,NOR,PMIDF NOR,13,Th.,1000,,1000,,TRY,-128.84,-4.455145586
2023,4,12,December,1.12.2023,3622,COT 2023 ACT,AC,113,COT Projection,,100,Europe,242,EU West,118,Great Britain,AI,Airports,3,Airport Shop,437,Manchester,Manchester (Great Britain-Airports),573,MAN,Manchester Airport,804,MAN2,Terminal 2,3478,MAN T2 WDF Main (752),D,Departure,17,EU West,Tomasz Zuzlik,O,Active,23582,RYO MARLBORO - GOLD (3.5)  P22 225  45  TRANSPARENT BUNDLE  - UNITED KINGDOM DF - IDM UNITED KINGDOM,23582,RYO MARLBORO - GOLD (3.5)  P22 225  45  TRANSPARENT BUNDLE  - UNITED KINGDOM DF - IDM UNITED KINGDOM,1,Consumables,F0106,Roll Your Own,Roll Your Own (Kg.),5,OTP,MARLB,MARLBORO,6828,RYO MARLBORO - GOLD (3.5)  P22 225,UK05,UNITED KINGDOM DF,UNITED KINGDOM DF,76,IDM UNITED KINGDOM,UK,225,45,2942,Overseas (GBP),Overseas (GBP) (1109-2230514),1109,PM WORLD TRADE,107,Overseas Trading,2,EU&LatAm Hub,4472,World Duty Free Group (UK),1,Dufry Global,3,World Duty Free Group,NOR,PMIDF NOR,13,Kg.,1000,,1666,,GBP,296.528,375.9526401
2023,3,9,September,1.09.2023,3622,COT 2023 ACT,AC,113,COT Projection,,100,Europe,296,EU North,83,Norway,AI,Airports,3,Airport Shop,527,Oslo,Oslo (Norway-Airports),699,OSL,"Oslo Airport, Gardermoen (succeeding Oslo Airport, Fornebu)",391,OSL,Main Terminal,4557,Travel Value / Arrival Shop,A,Arrival,48,EU North-West,Michelle Rosenkrantz,O,Active,20617,RYO PETTEROE'S - ORIGINAL 4  P63 250  50  TRANSPARENT BUNDLE  - NORWAY DF - IDM NORWAY,20617,RYO PETTEROE'S - ORIGINAL 4  P63 250  50  TRANSPARENT BUNDLE  - NORWAY DF - IDM NORWAY,1,Consumables,F0106,Roll Your Own,Roll Your Own (Kg.),5,OTP,PTT,PETTEROE'S,5883,RYO PETTEROE'S - ORIGINAL 4  P63 250,NW05,NORWAY DF,NORWAY DF,86,IDM NORWAY,NO,250,50,2982,Heinemann Europe,Heinemann Europe (1109-2356531),1109,PM WORLD TRADE,66,Gebr. Heinemann,4,Istanbul Hub,4715,Gebr. Heinemann (Europe),2,Heinemann Global,1,Gebr. Heinemann,NOR,PMIDF NOR,13,Kg.,1000,,1666,,EUR,414.288,442.4500331
2024,1,2,February,1.02.2024,3925,COT 2024 ACT,AC,113,COT Projection,,109,Japan and Korea,175,Japan,59,Japan,AI,Airports,3,Airport Shop,482,Naha,Naha (Japan-Airports),683,OKA,Naha Airport,710,OKA,Main Terminal,838,NAHA AIRPORT DUTY FREE,D,Departure,24,Japan,Isao Tatsuma,O,Active,16624,MARLBORO - MEDIUM (FWD) KS BOX WHITE - JAPAN DF,16624,MARLBORO - MEDIUM (FWD) KS BOX WHITE - JAPAN DF,1,Consumables,F0101,Cigarettes,Cigarettes (Th.),2,CC,MARLB,MARLBORO,4811,MARLBORO - MEDIUM (FWD) KS BOX,JP05,JAPAN DF,JAPAN DF,1,-,,200,20,3072,KK JALUX AIRPORT,KK JALUX Airport (1695-10052089),1695,PMJLTD,256,Generic Japan,3,Hong Kong Hub,8571,JP (Jalux) - Naha Airport building,,,5,DFS Group,NOR,PMIDF NOR,13,Th.,1000,,1000,,JPY,73760,492.9974976
2023,2,6,June,1.06.2023,3622,COT 2023 ACT,AC,113,COT Projection,,100,Europe,243,EU South,207,Spain DP,AI,Airports,3,Airport Shop,421,Madrid Barajas,Madrid Barajas (Spain DP-Airports),570,MAD,Madrid-Barajas Airport,972,MAD4,Terminal 4,10968,WDFG DFS TGLI DIQUE NORTE (LAST) T4 DP,D,Departure,50,EU South-West,Dorian Portes,O,Active,20789,RRP HTP Sticks HEETS - TURQUOISE SELECTION MENTHOL SLIMS WHITE - SPAIN RRP DOM,20789,RRP HTP Sticks HEETS - TURQUOISE SELECTION MENTHOL SLIMS WHITE - SPAIN RRP DOM,1,Consumables,M0101,RRP HTP Sticks,RRP HTP Sticks (Th.),1,P1,HEETS,HEETS,5891,RRP HTP Sticks HEETS - TURQUOISE SELECTION MENTHOL,ES07,SPAIN RRP DOM,SPAIN RRP DOM,1,-,,200,20,3089,DIAG,DIAG (1109-2505743),1109,PM WORLD TRADE,268,INTL OPS&SVCS,2,EU&LatAm Hub,6739,World Duty Free Group (Spain),1,Dufry Global,3,World Duty Free Group,NOR,PMIDF NOR,13,Th.,1000,,1000,,USD,-2.01,-2.01
2023,2,4,April,1.04.2023,3622,COT 2023 ACT,AC,113,COT Projection,,104,China and SEA,174,Asia South-east,72,Malaysia,AI,Airports,3,Airport Shop,361,Kuala Lumpur,Kuala Lumpur (Malaysia-Airports),496,KUL,Kuala Lumpur Intl Airport,1121,KUL,Main Terminal,16132,KLIA 2 - CP - T&L,D,Departure,1,Asia South-east,Ken Lim,O,Active,22214,RRP HTP Sticks HEETS - PURPLE WAVE MENTHOL SLIMS WHITE - MALAYSIA DF,22214,RRP HTP Sticks HEETS - PURPLE WAVE MENTHOL SLIMS WHITE - MALAYSIA DF,1,Consumables,M0101,RRP HTP Sticks,RRP HTP Sticks (Th.),1,P1,HEETS,HEETS,6378,RRP HTP Sticks HEETS - PURPLE WAVE MENTHOL,MY05,MALAYSIA DF,MALAYSIA DF,1,-,,200,20,3094,TLNW,TLNW (1109-2521016),1109,PM WORLD TRADE,342,TLNW,3,Hong Kong Hub,8619,MY (AP) - KL - Malaysia Airports (Niaga) Sdn. Bhd.(Eraman),,,,,NOR,PMIDF NOR,13,Th.,1000,,1000,,USD,245.19,245.19
2024,2,4,April,1.04.2024,3925,COT 2024 ACT,AC,113,COT Projection,,120,Africa,238,North Africa,33,Egypt,AI,Airports,3,Airport Shop,55,Aswan,Aswan (Egypt-Airports),62,ASW,Aswan Intl Airport,859,ASW,Main Terminal,1447,Egypt Air TFS Aswan - Airport (Arr),A,Arrival,27,North East Africa,Omar Abuelsenoun,O,Active,22609,RRP HTP Sticks HEETS - PURPLE WAVE MENTHOL SLIMS WHITE - EGYPT DF - EGYPTAIR,22609,RRP HTP Sticks HEETS - PURPLE WAVE MENTHOL SLIMS WHITE - EGYPT DF - EGYPTAIR,1,Consumables,M0101,RRP HTP Sticks,RRP HTP Sticks (Th.),1,P1,HEETS,HEETS,6378,RRP HTP Sticks HEETS - PURPLE WAVE MENTHOL,EG05,EGYPT DF,EGYPT DF,4,EGYPTAIR,EGYPTAIR,200,20,3047,Rash. EGYPT,Rash. EGYPT (1109-2465154),1109,PM WORLD TRADE,120,Rashideen Intl. Trd.,1,MEA Hub,8933,EGYPT AIR DUTY FREE SHOPS,,,,,NOR,PMIDF NOR,13,Th.,1000,,1000,,USD,78.805,78.805
2024,2,5,May,1.05.2024,3925,COT 2024 ACT,AC,113,COT Projection,,130,Eurasia,181,Turkey,116,Turkey,FE,Ferries,12,Ferry,1624,Marmaris Port,Marmaris Port (Turkey-Ferries),,,,,,,7862,Setur Marmaris Port Departure,D,Departure,42,Turkey Borders & NTR,Emre Okten,O,Active,20364,MARLBORO - (RED FWD) KS BOX 600 SPECIAL OUTER - TURKEY DF - BASE PRODUCT DF,22925,MARLBORO - RED 3.5 KS BOX 600 SPECIAL OUTER - TURKEY DF - BASE PRODUCT DF,1,Consumables,F0101,Cigarettes,Cigarettes (Th.),2,CC,MARLB,MARLBORO,4670,MARLBORO - (RED FWD) KS BOX 600,TR05,TURKEY DF,TURKEY DF,55,BASE PRODUCT DF,055,600,20,2932,SETUR SERVIS TU A.S.,SETUR SERVIS TU A.S. (3230-2166078),3230,PM TRAVEL RTL TR DF,129,Setur Servis Turist.,4,Istanbul Hub,7563,Setur Servis Turistik A.S,,,,,NOR,PMIDF NOR,13,Th.,1000,,1000,,EUR,787.2,851.3921684
2024,2,6,June,1.06.2024,3925,COT 2024 ACT,AC,113,COT Projection,,110,Middle East,302,GCC & Yemen,121,United Arab Emirates,SH,Shipchandling,10,Harbor,2203,Jebel Ali,Jebel Ali (United Arab Emirates-Shipchandling),,,,,,,17399,Sea Pearl International Marine Supplies LLC,D,Departure,43,GCC / UAE,Patrick Awad,O,Active,21500,MARLBORO - WHITE (3.5) KS RCS WHITE - UAE DF,21500,MARLBORO - WHITE (3.5) KS RCS WHITE - UAE DF,1,Consumables,F0101,Cigarettes,Cigarettes (Th.),2,CC,MARLB,MARLBORO,6106,MARLBORO - WHITE (3.5) KS RCS,AE05,UAE DF,UNITED ARAB EMIRATES DF,1,-,,200,20,3045,Rash. GCC,Rash. GCC (1109-2465151),1109,PM WORLD TRADE,120,Rashideen Intl. Trd.,1,MEA Hub,17309,Sea Pearl International Marine Supplies LLC,,,,,NOR,PMIDF NOR,13,Th.,1000,,1000,,USD,5822.46,5822.46
2023,2,5,May,1.05.2023,3622,COT 2023 ACT,AC,113,COT Projection,,130,Eurasia,181,Turkey,116,Turkey,BO,Borders,1,Border,1043,Habur  Turkey Iraq Border,Habur  Turkey Iraq Border (Turkey/Iraq-Borders),,,,,,,16146,Setur Habur Pax Arrival / TR Iraq Border,A,Arrival,42,Turkey Borders & NTR,Emre Okten,O,Active,14587,PARLIAMENT - NIGHT BLUE KS RCB WHITE - TURKEY DF,14587,PARLIAMENT - NIGHT BLUE KS RCB WHITE - TURKEY DF,1,Consumables,F0101,Cigarettes,Cigarettes (Th.),2,CC,PARLI,PARLIAMENT,1171,PARLIAMENT - NIGHT BLUE KS RCB,TR05,TURKEY DF,TURKEY DF,1,-,,200,20,2932,SETUR SERVIS TU A.S.,SETUR SERVIS TU A.S. (3230-2166078),3230,PM TRAVEL RTL TR DF,129,Setur Servis Turist.,4,Istanbul Hub,7563,Setur Servis Turistik A.S,,,,,NOR,PMIDF NOR,13,Th.,1000,,1000,,TRY,-1120.91,-56.68775813
2023,2,5,May,1.05.2023,3622,COT 2023 ACT,AC,113,COT Projection,,109,Japan and Korea,286,South Korea,63,South Korea,AI,Airports,3,Airport Shop,2779,Jeju,Jeju (South Korea-Airports),193,CJU,Jeju Intl Airport,1012,CJU,Main Terminal,9847,JDC,D,Departure,31,South Korea,Jun Seok Kim,O,Active,19877,RRP HTP Sticks HEETS - GREEN ZING MENTHOL SLIMS WHITE - 50-50-30% KOR GHW DF,19877,RRP HTP Sticks HEETS - GREEN ZING MENTHOL SLIMS WHITE - 50-50-30% KOR GHW DF,1,Consumables,M0101,RRP HTP Sticks,RRP HTP Sticks (Th.),1,P1,HEETS,HEETS,5609,RRP HTP Sticks HEETS - GREEN ZING MENTHOL,RK05,50-50-30% KOR GHW DF,50-50-30% KOR GHW DF,1,-,,200,20,3036,Yeonil International,Yeonil International (1109-2463059),1109,PM WORLD TRADE,269,YEONIL,3,Hong Kong Hub,7917,KR (JDC) - Jeju International Free City Development Center,,,,,NOR,PMIDF NOR,13,Th.,1000,,1000,,USD,4431.9,4431.9
2023,2,6,June,1.06.2023,3622,COT 2023 ACT,AC,113,COT Projection,,130,Eurasia,128,Eastern Europe,43,Georgia,BO,Borders,1,Border,1027,Georgia/Turkey,Georgia/Turkey (Georgia/Turkey-Borders),,,,,,,2695,DFG Kartsakhi (Georgia/Turkey),D,Departure,39,"Russia,Balkans,CA, Eastern Europe",Egor Mazelev,O,Active,20691,PARLIAMENT - NIGHT BLUE KS RCB WHITE - GEORGIA DF,20691,PARLIAMENT - NIGHT BLUE KS RCB WHITE - GEORGIA DF,1,Consumables,F0101,Cigarettes,Cigarettes (Th.),2,CC,PARLI,PARLIAMENT,1171,PARLIAMENT - NIGHT BLUE KS RCB,GE05,GEORGIA DF,GEORGIA DF,1,-,,200,20,74,Overseas Trd. Co.,Overseas Trd. Co. (1109-100546),1109,PM WORLD TRADE,107,Overseas Trading,2,EU&LatAm Hub,8743,Duty Free Georgia,,,214,Mello Trading,NOR,PMIDF NOR,13,Th.,1000,,1000,,EUR,2209.92,2396.971421
2024,1,3,March,1.03.2024,3925,COT 2024 ACT,AC,113,COT Projection,,120,Africa,238,North Africa,80,Morocco,AI,Airports,3,Airport Shop,703,Tangier,Tangier (Morocco-Airports),942,TNG,Ibn Batouta Intl Airport,680,TNG,Main Terminal,3189,IDFS Tangier airport,D,Departure,28,North West Africa,Anass Benmessaoud,O,Active,19555,MARLBORO - (GOLD 3.0) KS RCB 600 SPECIAL OUTER - NORTH AFRICA DF,23368,MARLBORO - GOLD (3.5) KS RCB 600 SPECIAL OUTER - GENERIC DF-ENG TXT - ALTERNATIVE,1,Consumables,F0101,Cigarettes,Cigarettes (Th.),2,CC,MARLB,MARLBORO,5496,MARLBORO - (GOLD 3.0) KS RCB 600,DQ05,NORTH AFRICA DF,NORTH AFRICA DF,1,-,,600,20,1985,COBWEB MOROCCO,COBWEB MOROCCO (1109-100610),1109,PM WORLD TRADE,267,Cobweb Distrib. SA,4,Istanbul Hub,8977,International Duty Free Shops,,,,,NOR,PMIDF NOR,13,Th.,1000,,1000,,USD,-176.064,-176.064
2023,3,7,July,1.07.2023,3622,COT 2023 ACT,AC,113,COT Projection,,100,Europe,242,EU West,118,Great Britain,AI,Airports,3,Airport Shop,211,Edinburgh,Edinburgh (Great Britain-Airports),278,EDI,Edinburgh Airport,554,EDI,Main Terminal,7066,Edinburgh EDI WDF Main - 522,D,Departure,17,EU West,Tomasz Zuzlik,O,Active,22179,RRP HTP Sticks HEETS - TEAK SLIMS WHITE - 30-30% ENG HW TXT DF,22478,RRP HTP Sticks HEETS - TEAK SELECTION SLIMS WHITE - 30-30% ENG HW TXT DF,1,Consumables,M0101,RRP HTP Sticks,RRP HTP Sticks (Th.),1,P1,HEETS,HEETS,6369,RRP HTP Sticks HEETS - TEAK,RR05,30-30% ENG HW TXT DF,30-30% ENG HW TXT DF,1,-,,200,20,2942,Overseas (GBP),Overseas (GBP) (1109-2230514),1109,PM WORLD TRADE,107,Overseas Trading,2,EU&LatAm Hub,4472,World Duty Free Group (UK),1,Dufry Global,3,World Duty Free Group,NOR,PMIDF NOR,13,Th.,1000,,1000,,GBP,493.5,635.5153042
2025,2,4,April,1.04.2025,4192,COT 2025 ACT,AC,113,COT Projection,,100,Europe,242,EU West,39,France,SH,Shipchandling,11,Ship,2310,Penmarch,Penmarch (France-Shipchandling),,,,,,,15942,E.U.R.L. Neptune Distribution,,,17,EU West,Tomasz Zuzlik,O,Active,21309,MARLBORO - (RED FWD) KS BOX - FRANCE DF GHW-FR05 - IDM FRANCE,21309,MARLBORO - (RED FWD) KS BOX - FRANCE DF GHW-FR05 - IDM FRANCE,1,Consumables,F0101,Cigarettes,Cigarettes (Th.),2,CC,MARLB,MARLBORO,4668,MARLBORO - (RED FWD) KS BOX,FR05,FRANCE DF GHW-FR05,FRANCE DF GHW-FR05,73,IDM FRANCE,FR,200,20,74,Overseas Trd. Co.,Overseas Trd. Co. (1109-100546),1109,PM WORLD TRADE,107,Overseas Trading,2,EU&LatAm Hub,15937,E.U.R.L. Neptune Distribution ,,,,,NOR,PMIDF NOR,13,Th.,1000,,1000,,EUR,23831.238,26774.09678
2024,4,11,November,1.11.2024,3925,COT 2024 ACT,AC,113,COT Projection,,100,Europe,243,EU South,207,Spain DP,AI,Airports,3,Airport Shop,541,Palma De Mallorca,Palma De Mallorca (Spain DP-Airports),739,PMI,Palma de Mallorca Airport (Son Sant Joan Airport),869,PMI,Main Terminal,10987,WDFG Duty Free Shop - Main Shop DP,D,Departure,50,EU South-West,Dorian Portes,O,Active,21153,MARLBORO - GOLD (3.5) KS RCB 400 TRANSPARENT BUNDLE - SPAIN DF - IDM SPAIN,21153,MARLBORO - GOLD (3.5) KS RCB 400 TRANSPARENT BUNDLE - SPAIN DF - IDM SPAIN,1,Consumables,F0101,Cigarettes,Cigarettes (Th.),2,CC,MARLB,MARLBORO,6035,MARLBORO - GOLD (3.5) KS RCB 400,ES05,SPAIN DF,SPAIN DF,92,IDM SPAIN,ES,400,20,3089,DIAG,DIAG (1109-2505743),1109,PM WORLD TRADE,268,INTL OPS&SVCS,2,EU&LatAm Hub,6739,World Duty Free Group (Spain),1,Dufry Global,3,World Duty Free Group,NOR,PMIDF NOR,13,Th.,1000,,1000,,EUR,1511.16,1605.99599
2025,2,4,April,1.04.2025,4192,COT 2025 ACT,AC,113,COT Projection,,130,Eurasia,245,Balkans,127,Serbia,AI,Airports,3,Airport Shop,87,Belgrade,Belgrade (Serbia-Airports),88,BEG,Belgrade Nikola Tesla Airport,447,BEG,Main Terminal,6909,Belgrade Dufry Airport Main Shop,D,Departure,39,"Russia,Balkans,CA, Eastern Europe",Egor Mazelev,O,Active,25238,NCP Disp eVapes VEEV NOW ULTRA - BLUE RASPBERRY 1.8% 2ML MENTHOL  OPK 5   1  DC NO OVERWRAP  - CL8 MKSLU EE,25238,NCP Disp eVapes VEEV NOW ULTRA - BLUE RASPBERRY 1.8% 2ML MENTHOL  OPK 5   1  DC NO OVERWRAP  - CL8 MKSLU EE,1,Consumables,M0105,NCP Disp eVapes,NCP Disp eVapes (Th.),3,P4,VNU,VEEV NOW ULTRA,7400,NCP Disp eVapes VEEV NOW ULTRA - BLUE RASPBERRY 1.8% 2ML MENTHOL  OPK 5,FP08,CL8 MKSLU EE,RRP MKT CLUSTER MKSLU 8-EE,1,-,,5,1,3095,DUFRY SERBIA,DUFRY SERBIA (1109-2523703),1109,PM WORLD TRADE,268,INTL OPS&SVCS,2,EU&LatAm Hub,8237,Dufry (Serbia) d.o.o.,1,Dufry Global,2,Dufry,NOR,PMIDF NOR,13,Th.,1000,,200000,,EUR,1895.67,2129.761452
2023,2,5,May,1.05.2023,3622,COT 2023 ACT,AC,113,COT Projection,,100,Europe,244,EU East,90,Poland,AI,Airports,3,Airport Shop,248,Gdansk,Gdansk (Poland-Airports),340,GDN,Gdansk Lech Walesa Airport,60,GDN,Main Terminal,13506,Lagardere GDN1 Aelia Duty Free,D,Departure,15,EU East,Taras Bigun,O,Active,22177,RRP HTP Sticks HEETS - TURQUOISE SELECTION MENTHOL SLIMS WHITE - 30-30% ENG HW EU DF,22177,RRP HTP Sticks HEETS - TURQUOISE SELECTION MENTHOL SLIMS WHITE - 30-30% ENG HW EU DF,1,Consumables,M0101,RRP HTP Sticks,RRP HTP Sticks (Th.),1,P1,HEETS,HEETS,5891,RRP HTP Sticks HEETS - TURQUOISE SELECTION MENTHOL,RP05,30-30% ENG HW EU DF,30-30% ENG HW EU DF,1,-,,200,20,74,Overseas Trd. Co.,Overseas Trd. Co. (1109-100546),1109,PM WORLD TRADE,107,Overseas Trading,2,EU&LatAm Hub,9317,LAGARDERE DUTY FREE POLSKA Sp z.o.o,3,Lagardere Global,222,Lagardere,NOR,PMIDF NOR,13,Th.,1000,,1000,,EUR,660.953,719.0332846
2024,3,9,September,1.09.2024,3925,COT 2024 ACT,AC,113,COT Projection,,130,Eurasia,181,Turkey,116,Turkey,BO,Borders,1,Border,1079,Kapikule Turkey Bulgaria Border,Kapikule Turkey Bulgaria Border (Turkey/Bulgaria-Borders),,,,,,,6164,Setur Kapikule Pax Departure / TR Bulgaria Border,D,Departure,42,Turkey Borders & NTR,Emre Okten,O,Active,23718,PARLIAMENT - MIX BLOSSOM BREEZE MENTHOL 100's BOX C CHI SUPERSLIMS WHITE - TURKEY DF - IDM TURKEY,25174,PARLIAMENT - MIX BLOSSOM BREEZE 100's BOX C CHI SUPERSLIMS WHITE - TURKEY DF - IDM TURKEY,1,Consumables,F0101,Cigarettes,Cigarettes (Th.),2,CC,PARLI,PARLIAMENT,6878,PARLIAMENT - MIX BLOSSOM BREEZE MENTHOL 100's BOX,TR05,TURKEY DF,TURKEY DF,111,IDM TURKEY,TR,200,20,2932,SETUR SERVIS TU A.S.,SETUR SERVIS TU A.S. (3230-2166078),3230,PM TRAVEL RTL TR DF,129,Setur Servis Turist.,4,Istanbul Hub,7563,Setur Servis Turistik A.S,,,,,NOR,PMIDF NOR,13,Th.,1000,,1000,,EUR,406.123,451.2067681
2023,4,10,October,1.10.2023,3622,COT 2023 ACT,AC,113,COT Projection,,100,Europe,242,EU West,39,France,AI,Airports,3,Airport Shop,151,Paris Charles De Gaulle,Paris Charles De Gaulle (France-Airports),172,CDG,Charles de Gaulle Airport (Roissy Airport),541,CDG2E,Terminal 2E,11174,LEA1,D,Departure,17,EU West,Tomasz Zuzlik,O,Active,21316,MARLBORO - (RED FWD) KS BOX 600 SPECIAL OUTER - FRANCE DF GHW-FR05 - IDM FRANCE,21316,MARLBORO - (RED FWD) KS BOX 600 SPECIAL OUTER - FRANCE DF GHW-FR05 - IDM FRANCE,1,Consumables,F0101,Cigarettes,Cigarettes (Th.),2,CC,MARLB,MARLBORO,4670,MARLBORO - (RED FWD) KS BOX 600,FR05,FRANCE DF GHW-FR05,FRANCE DF GHW-FR05,73,IDM FRANCE,FR,600,20,98,Ets. M. Pons SA,Ets. M. Pons SA (1109-100556),1109,PM WORLD TRADE,59,Ets. M. Pons SA,2,EU&LatAm Hub,9434,Societe de Distribution Aeroportuaire SAS,3,Lagardere Global,6,Aelia,NOR,PMIDF NOR,13,Th.,1000,,1000,,EUR,1130.22,1194.293784
2024,2,4,April,1.04.2024,3925,COT 2024 ACT,AC,113,COT Projection,,100,Europe,243,EU South,105,Spain,AI,Airports,3,Airport Shop,70,Barcelona,Barcelona (Spain-Airports),81,BCN,Barcelona-El Prat Airport,585,BCN2,Terminal 2,7120,Barcelona T2 M1 The Shop 516 - (Easy Jet),D,Departure,50,EU South-West,Dorian Portes,O,Active,23611,RRP HTP Sticks TEREA - SOFT FUSE SLIMS WHITE - SPAIN RRP DOM,23611,RRP HTP Sticks TEREA - SOFT FUSE SLIMS WHITE - SPAIN RRP DOM,1,Consumables,M0101,RRP HTP Sticks,RRP HTP Sticks (Th.),1,P1,TEREA,TEREA,6823,RRP HTP Sticks TEREA - SOFT FUSE,ES07,SPAIN RRP DOM,SPAIN RRP DOM,1,-,,200,20,3089,DIAG,DIAG (1109-2505743),1109,PM WORLD TRADE,268,INTL OPS&SVCS,2,EU&LatAm Hub,6739,World Duty Free Group (Spain),1,Dufry Global,3,World Duty Free Group,NOR,PMIDF NOR,13,Th.,1000,,1000,,EUR,477.54,512.0778961
2024,2,4,April,1.04.2024,3925,COT 2024 ACT,AC,113,COT Projection,,100,Europe,242,EU West,108,Switzerland,AI,Airports,3,Airport Shop,352,Zurich,Zurich (Switzerland-Airports),1053,ZRH,Zurich Airport,1095,ZRH,Main Terminal,7008,Arrival shop T1,A,Arrival,49,EU South-East,Damir Khuzhakhmetov,O,Active,22294,MARLBORO - GOLD (3.5) KS RCB 600 SPECIAL OUTER - ZONE 1 DF - IDM SWITZERLAND,22294,MARLBORO - GOLD (3.5) KS RCB 600 SPECIAL OUTER - ZONE 1 DF - IDM SWITZERLAND,1,Consumables,F0101,Cigarettes,Cigarettes (Th.),2,CC,MARLB,MARLBORO,6037,MARLBORO - GOLD (3.5) KS RCB 600,ZO05,ZONE 1 DF,ZONE 1 DUTY FREE (30/30 ENG HW ZONE 1),94,IDM SWITZERLAND,CH,600,20,3034,Overseas (CHF),Overseas (CHF) (1109-2445952),1109,PM WORLD TRADE,107,Overseas Trading,2,EU&LatAm Hub,5055,Nuance Switzerland,1,Dufry Global,4,Nuance,NOR,PMIDF NOR,13,Th.,1000,,1000,,USD,-204.24,-204.24
2024,1,3,March,1.03.2024,3925,COT 2024 ACT,AC,113,COT Projection,,100,Europe,243,EU South,105,Spain,AI,Airports,3,Airport Shop,28,Alicante,Alicante (Spain-Airports),40,ALC,Alicante-Elche Airport,724,ALC,Main Terminal,3030,WDFG Duty Free Shop (Alicante Main Shop),D,Departure,50,EU South-West,Dorian Portes,O,Active,20788,RRP HTP Sticks HEETS - AMBER SELECTION SLIMS WHITE - SPAIN RRP DOM,20788,RRP HTP Sticks HEETS - AMBER SELECTION SLIMS WHITE - SPAIN RRP DOM,1,Consumables,M0101,RRP HTP Sticks,RRP HTP Sticks (Th.),1,P1,HEETS,HEETS,5887,RRP HTP Sticks HEETS - AMBER SELECTION,ES07,SPAIN RRP DOM,SPAIN RRP DOM,1,-,,200,20,3089,DIAG,DIAG (1109-2505743),1109,PM WORLD TRADE,268,INTL OPS&SVCS,2,EU&LatAm Hub,6739,World Duty Free Group (Spain),1,Dufry Global,3,World Duty Free Group,NOR,PMIDF NOR,13,Th.,1000,,1000,,EUR,431.12,468.7242494
2025,1,2,February,1.02.2025,4192,COT 2025 ACT,AC,113,COT Projection,,100,Europe,243,EU South,207,Spain DP,AI,Airports,3,Airport Shop,72,Barcelona,Barcelona (Spain DP-Airports),81,BCN,Barcelona-El Prat Airport,340,BCN1,Terminal 1,14932,Barcelona M2 Express Shop,D,Departure,50,EU South-West,Dorian Portes,O,Active,22331,RRP HTP Sticks TEREA - YELLOW SLIMS WHITE - SPAIN RRP DOM,22331,RRP HTP Sticks TEREA - YELLOW SLIMS WHITE - SPAIN RRP DOM,1,Consumables,M0101,RRP HTP Sticks,RRP HTP Sticks (Th.),1,P1,TEREA,TEREA,6299,RRP HTP Sticks TEREA - YELLOW,ES07,SPAIN RRP DOM,SPAIN RRP DOM,1,-,,200,20,3089,DIAG,DIAG (1109-2505743),1109,PM WORLD TRADE,268,INTL OPS&SVCS,2,EU&LatAm Hub,6739,World Duty Free Group (Spain),1,Dufry Global,3,World Duty Free Group,NOR,PMIDF NOR,13,Th.,1000,,1000,,EUR,22.77,23.70989937
2024,1,2,February,1.02.2024,3925,COT 2024 ACT,AC,113,COT Projection,,109,Japan and Korea,175,Japan,59,Japan,AI,Airports,3,Airport Shop,329,Osaka - Kansai,Osaka - Kansai (Japan-Airports),477,KIX,Kansai Intl Airport,170,KIX,Main Terminal,17112,TRK T2 General Shop,D,Departure,24,Japan,Isao Tatsuma,O,Active,18995,RRP HTP Sticks MARLBORO - BALANCED REGULAR SLIMS WHITE - JAPAN DF,18995,RRP HTP Sticks MARLBORO - BALANCED REGULAR SLIMS WHITE - JAPAN DF,1,Consumables,M0101,RRP HTP Sticks,RRP HTP Sticks (Th.),1,P1,MARLB,MARLBORO,5224,RRP HTP Sticks MARLBORO - BALANCED REGULAR,JP05,JAPAN DF,JAPAN DF,1,-,,200,20,3072,KK JALUX AIRPORT,KK JALUX Airport (1695-10052089),1695,PMJLTD,256,Generic Japan,3,Hong Kong Hub,17111,JP (Jalux) - Travel Retail Kansai Co. Ltd.,,,,,NOR,PMIDF NOR,13,Th.,1000,,1000,,JPY,191160,1277.676269
2023,2,4,April,1.04.2023,3622,COT 2023 ACT,AC,113,COT Projection,,100,Europe,244,EU East,90,Poland,AI,Airports,3,Airport Shop,765,Warsaw,Warsaw (Poland-Airports),1014,WAW,Frederic Chopin Intl Airport,347,WAW,Main Terminal,7624,WA11,D,Departure,15,EU East,Taras Bigun,O,Active,22172,RRP HTP Sticks HEETS - BLUE SELECTION MENTHOL SLIMS WHITE - 30-30% ENG HW EU DF,22172,RRP HTP Sticks HEETS - BLUE SELECTION MENTHOL SLIMS WHITE - 30-30% ENG HW EU DF,1,Consumables,M0101,RRP HTP Sticks,RRP HTP Sticks (Th.),1,P1,HEETS,HEETS,5880,RRP HTP Sticks HEETS - BLUE SELECTION MENTHOL,RP05,30-30% ENG HW EU DF,30-30% ENG HW EU DF,1,-,,200,20,74,Overseas Trd. Co.,Overseas Trd. Co. (1109-100546),1109,PM WORLD TRADE,107,Overseas Trading,2,EU&LatAm Hub,9317,LAGARDERE DUTY FREE POLSKA Sp z.o.o,3,Lagardere Global,222,Lagardere,NOR,PMIDF NOR,13,Th.,1000,,1000,,PLN,-526.32,-124.3821089
2024,4,10,October,1.10.2024,3925,COT 2024 ACT,AC,113,COT Projection,,100,Europe,242,EU West,209,France DP,AI,Airports,3,Airport Shop,80,Beauvais,Beauvais (France DP-Airports),155,BVA,Beauvais-Tille Airport,295,BVA,Main Terminal,11213,SRB2 DP,D,Departure,17,EU West,Tomasz Zuzlik,O,Active,21309,MARLBORO - (RED FWD) KS BOX - FRANCE DF GHW-FR05 - IDM FRANCE,21309,MARLBORO - (RED FWD) KS BOX - FRANCE DF GHW-FR05 - IDM FRANCE,1,Consumables,F0101,Cigarettes,Cigarettes (Th.),2,CC,MARLB,MARLBORO,4668,MARLBORO - (RED FWD) KS BOX,FR05,FRANCE DF GHW-FR05,FRANCE DF GHW-FR05,73,IDM FRANCE,FR,200,20,98,Ets. M. Pons SA,Ets. M. Pons SA (1109-100556),1109,PM WORLD TRADE,59,Ets. M. Pons SA,2,EU&LatAm Hub,9429,Aeroboutique France SAS,3,Lagardere Global,6,Aelia,NOR,PMIDF NOR,13,Th.,1000,,1000,,EUR,29.4,32.03684413
2023,4,10,October,1.10.2023,3622,COT 2023 ACT,AC,113,COT Projection,,104,China and SEA,34,China,23,China,SH,Shipchandling,11,Ship,4208,Caofeidian,Caofeidian (China-Shipchandling),,,,,,,16633,Tangshan CDFG - Caofeidian Branch,,,10,China,Connie Zhuo,O,Active,18840,MARLBORO - (RED FWD) KS BOX - CHINA DF - IDM CN05 CHINA DF GROUP (ZM),22767,MARLBORO - RED 3.5 KS BOX - CHINA DF - IDM CN05 CHINA DF GROUP (ZM),1,Consumables,F0101,Cigarettes,Cigarettes (Th.),2,CC,MARLB,MARLBORO,4668,MARLBORO - (RED FWD) KS BOX,CN05,CHINA DF,CHINA DF,57,IDM CN05 CHINA DF GROUP (ZM),CN05-ZM,200,20,3035,HKCNDFM - China,HKCNDFM - China (3226-2456489),3226,PM TRAVEL RTL HK,329,CDFG,3,Hong Kong Hub,16625,"CN (CDFG) - Tangshan-Caofeidian Branch China Duty Free Merchandising Co., Ltd",,,234,China Duty Free Group,NOR,PMIDF NOR,13,Th.,1000,,1000,,USD,4888.368,4888.368
2023,1,3,March,1.03.2023,3622,COT 2023 ACT,AC,113,COT Projection,,130,Eurasia,181,Turkey,116,Turkey,BO,Borders,1,Border,1045,Hamzabeyli Turkey Bulgaria Border,Hamzabeyli Turkey Bulgaria Border (Turkey/Bulgaria-Borders),,,,,,,6634,Setur Hamzabeyli Pax Arrival / TR Bulgaria Border,A,Arrival,42,Turkey Borders & NTR,Emre Okten,O,Active,13246,L&M - RED LABEL 100's SOFT 600 - TURKEY DF,21217,L&M - RED LABEL (5.0 CWB) 100's SOFT 600 TRANSPARENT BUNDLE - TURKEY DF,1,Consumables,F0101,Cigarettes,Cigarettes (Th.),2,CC,L&M,L&M,4027,L&M - RED LABEL 100's SOFT 600,TR05,TURKEY DF,TURKEY DF,1,-,,600,20,2932,SETUR SERVIS TU A.S.,SETUR SERVIS TU A.S. (3230-2166078),3230,PM TRAVEL RTL TR DF,129,Setur Servis Turist.,4,Istanbul Hub,7563,Setur Servis Turistik A.S,,,,,NOR,PMIDF NOR,13,Th.,1000,,1000,,EUR,679.35,727.9219294
2023,4,11,November,1.11.2023,3622,COT 2023 ACT,AC,113,COT Projection,,100,Europe,244,EU East,49,Netherlands,DI,Diplomatic,17,Diplomatic,1329,The Hague,The Hague (Netherlands-Diplomatic),,,,,,,1294,OPCW,,,48,EU North-West,Michelle Rosenkrantz,O,Active,22329,RRP HTP Sticks HEETS - RUSSET SELECTION SLIMS WHITE - 30-30% ENG HW EU DF,22329,RRP HTP Sticks HEETS - RUSSET SELECTION SLIMS WHITE - 30-30% ENG HW EU DF,1,Consumables,M0101,RRP HTP Sticks,RRP HTP Sticks (Th.),1,P1,HEETS,HEETS,6191,RRP HTP Sticks HEETS - RUSSET SELECTION,RP05,30-30% ENG HW EU DF,30-30% ENG HW EU DF,1,-,,200,20,74,Overseas Trd. Co.,Overseas Trd. Co. (1109-100546),1109,PM WORLD TRADE,107,Overseas Trading,2,EU&LatAm Hub,15559,Lagardère Travel Retail Belgium S.A.,3,Lagardere Global,222,Lagardere,NOR,PMIDF NOR,13,Th.,1000,,1000,,PLN,-7.74,-1.902215958
2025,2,4,April,1.04.2025,4192,COT 2025 ACT,AC,113,COT Projection,,130,Eurasia,181,Turkey,116,Turkey,AI,Airports,3,Airport Shop,186,Dalaman Airport,Dalaman Airport (Turkey-Airports),257,DLM,Dalaman Airport,1049,DLM,Main Terminal,206,Unifree Dalaman Arrival,A,Arrival,41,Turkey Airports,Goksel Gozutok,O,Active,21267,MARLBORO - DOUBLE FUSION SUMMER MENTHOL KS RCB C WRG WHITE - TURKEY DF,21267,MARLBORO - DOUBLE FUSION SUMMER MENTHOL KS RCB C WRG WHITE - TURKEY DF,1,Consumables,F0101,Cigarettes,Cigarettes (Th.),2,CC,MARLB,MARLBORO,6073,MARLBORO - DOUBLE FUSION SUMMER MENTHOL KS RCB,TR05,TURKEY DF,TURKEY DF,1,-,,200,20,2933,Heinemann - Turkey,Heinemann - Turkey (3230-2166079),3230,PM TRAVEL RTL TR DF,66,Gebr. Heinemann,4,Istanbul Hub,7806,UNIFREE DUTY FREE ISLETMECILIGI A.S.,2,Heinemann Global,41,Unifree,NOR,PMIDF NOR,13,Th.,1000,,1000,,EUR,600.6,674.7665618
2023,1,2,February,1.02.2023,3622,COT 2023 ACT,AC,113,COT Projection,,130,Eurasia,128,Eastern Europe,78,Moldova,BO,Borders,1,Border,1120,Moldova/Romania,Moldova/Romania (Moldova/Romania-Borders),,,,,,,6760,LE-BRIDGE Cahul (Moldova/Romania),D,Departure,39,"Russia,Balkans,CA, Eastern Europe",Egor Mazelev,O,Active,22575,RRP HTP Sticks HEETS - YELLOW SELECTION SLIMS WHITE - MOLDOVA DF RRP,22575,RRP HTP Sticks HEETS - YELLOW SELECTION SLIMS WHITE - MOLDOVA DF RRP,1,Consumables,M0101,RRP HTP Sticks,RRP HTP Sticks (Th.),1,P1,HEETS,HEETS,5892,RRP HTP Sticks HEETS - YELLOW SELECTION,MD08,MOLDOVA DF RRP,MOLDOVA DF RRP,1,-,,200,20,3091,B&S Purchase EUR,B&S Purchase EUR (1109-2509317),1109,PM WORLD TRADE,112,Global Bond Purch BV,2,EU&LatAm Hub,8746,Le-Bridge,,,,,NOR,PMIDF NOR,13,Th.,1000,,1000,,EUR,379.145,405.8587069
2025,1,2,February,1.02.2025,4192,COT 2025 ACT,AC,113,COT Projection,,104,China and SEA,174,Asia South-east,54,Indonesia,AI,Airports,3,Airport Shop,500,Ngurah Rai,Ngurah Rai (Indonesia-Airports),262,DPS,Ngurah Rai Intl Airport,739,DPS,Main Terminal,16405,Ngurah Rai Bali Airport (Arrival Shop / Dufry),A,Arrival,1,Asia South-east,Ken Lim,O,Active,24207,RRP HTP Sticks TEREA - AMBER SLIMS WHITE - 30-0% ENG HW TXT DF - IDM INDONESIA,24207,RRP HTP Sticks TEREA - AMBER SLIMS WHITE - 30-0% ENG HW TXT DF - IDM INDONESIA,1,Consumables,M0101,RRP HTP Sticks,RRP HTP Sticks (Th.),1,P1,TEREA,TEREA,6289,RRP HTP Sticks TEREA - AMBER,RG05,30-0% ENG HW TXT DF,30-0% ENG HW TXT DF,143,IDM INDONESIA,IND,200,20,3082,INTL OPS SVCS-HK,INTL OPS SVCS-HK (1109-2496141),1109,PM WORLD TRADE,268,INTL OPS&SVCS,3,Hong Kong Hub,8563,IDA (Dufry) - PT Dufrindo Internasional,1,Dufry Global,2,Dufry,NOR,PMIDF NOR,13,Th.,1000,,1000,,USD,504,504
2024,1,3,March,1.03.2024,3925,COT 2024 ACT,AC,113,COT Projection,,109,Japan and Korea,175,Japan,59,Japan,AI,Airports,3,Airport Shop,329,Osaka - Kansai,Osaka - Kansai (Japan-Airports),477,KIX,Kansai Intl Airport,170,KIX,Main Terminal,17112,TRK T2 General Shop,D,Departure,24,Japan,Isao Tatsuma,O,Active,19970,MARLBORO - FUSION BLAST 5 MENTHOL KS BOX C WHITE - JAPAN DF,19970,MARLBORO - FUSION BLAST 5 MENTHOL KS BOX C WHITE - JAPAN DF,1,Consumables,F0101,Cigarettes,Cigarettes (Th.),2,CC,MARLB,MARLBORO,4921,MARLBORO - FUSION BLAST 5 MENTHOL KS BOX,JP05,JAPAN DF,JAPAN DF,1,-,,200,20,3072,KK JALUX AIRPORT,KK JALUX Airport (1695-10052089),1695,PMJLTD,256,Generic Japan,3,Hong Kong Hub,17111,JP (Jalux) - Travel Retail Kansai Co. Ltd.,,,,,NOR,PMIDF NOR,13,Th.,1000,,1000,,JPY,358568,2394.212018
2023,2,5,May,1.05.2023,3622,COT 2023 ACT,AC,113,COT Projection,,100,Europe,244,EU East,44,Germany,AI,Airports,3,Airport Shop,475,Munich,Munich (Germany-Airports),643,MUC,Munich Airport (succeeded Munich-Riem Airport),548,MUC2,Terminal 2,13100,T2 - Sat - Level 05 847,D,Departure,15,EU East,Taras Bigun,O,Active,21071,MARLBORO - (RED FWD) 100's BOX - ENGLISH GHW TPD2 DF - IDM GERMANY,22763,MARLBORO - RED 3.5 100's BOX - ENGLISH GHW TPD2 DF - IDM GERMANY,1,Consumables,F0101,Cigarettes,Cigarettes (Th.),2,CC,MARLB,MARLBORO,4667,MARLBORO - (RED FWD) 100's BOX,XE05,ENGLISH GHW TPD2 DF,ENGLISH GHW TPD DF,74,IDM GERMANY,DE,200,20,2982,Heinemann Europe,Heinemann Europe (1109-2356531),1109,PM WORLD TRADE,66,Gebr. Heinemann,4,Istanbul Hub,4760,Eurotrade,,,271,Eurotrade,NOR,PMIDF NOR,13,Th.,1000,,1000,,EUR,74.4,80.93779191
2024,4,10,October,1.10.2024,3925,COT 2024 ACT,AC,113,COT Projection,,130,Eurasia,181,Turkey,116,Turkey,AI,Airports,3,Airport Shop,311,Izmir Airport,Izmir Airport (Turkey-Airports),20,ADB,Adnan Menderes Airport,370,ADB,Main Terminal,5303,Atu Izmir Arrival 1,A,Arrival,41,Turkey Airports,Goksel Gozutok,O,Active,22926,MARLBORO - RED 3.5 KS BOX - TURKEY DF,22926,MARLBORO - RED 3.5 KS BOX - TURKEY DF,1,Consumables,F0101,Cigarettes,Cigarettes (Th.),2,CC,MARLB,MARLBORO,6570,MARLBORO - RED 3.5 KS BOX,TR05,TURKEY DF,TURKEY DF,1,-,,200,20,2933,Heinemann - Turkey,Heinemann - Turkey (3230-2166079),3230,PM TRAVEL RTL TR DF,66,Gebr. Heinemann,4,Istanbul Hub,7802,ATU Turkey,2,Heinemann Global,16,ATU,NOR,PMIDF NOR,13,Th.,1000,,1000,,EUR,974.88,1062.315599
2023,2,4,April,1.04.2023,3622,COT 2023 ACT,AC,113,COT Projection,,130,Eurasia,181,Turkey,116,Turkey,BO,Borders,1,Border,1045,Hamzabeyli Turkey Bulgaria Border,Hamzabeyli Turkey Bulgaria Border (Turkey/Bulgaria-Borders),,,,,,,6634,Setur Hamzabeyli Pax Arrival / TR Bulgaria Border,A,Arrival,42,Turkey Borders & NTR,Emre Okten,O,Active,16162,MARLBORO - (RED FWD) KS BOX 400 - TURKEY DF,23987,MARLBORO - RED 3.5 KS BOX 400 TRANSPARENT BUNDLE - TURKEY DF,1,Consumables,F0101,Cigarettes,Cigarettes (Th.),2,CC,MARLB,MARLBORO,4669,MARLBORO - (RED FWD) KS BOX 400,TR05,TURKEY DF,TURKEY DF,1,-,,400,20,2932,SETUR SERVIS TU A.S.,SETUR SERVIS TU A.S. (3230-2166078),3230,PM TRAVEL RTL TR DF,129,Setur Servis Turist.,4,Istanbul Hub,7563,Setur Servis Turistik A.S,,,,,NOR,PMIDF NOR,13,Th.,1000,,1000,,EUR,183.04,201.1413983
2024,2,4,April,1.04.2024,3925,COT 2024 ACT,AC,113,COT Projection,,100,Europe,296,EU North,107,Sweden,AI,Airports,3,Airport Shop,50,Stockholm Arlanda,Stockholm Arlanda (Sweden-Airports),58,ARN,Stockholm Arlanda Airport,1004,ARN,Main Terminal,16529,Arlanda - T4,D,Departure,47,EU North-East,Johannes Varhelyi,O,Active,21426,MARLBORO - GOLD (3.5) KS RCB - ENGLISH GHW TPD2 DF - IDM SWEDEN,21426,MARLBORO - GOLD (3.5) KS RCB - ENGLISH GHW TPD2 DF - IDM SWEDEN,1,Consumables,F0101,Cigarettes,Cigarettes (Th.),2,CC,MARLB,MARLBORO,6031,MARLBORO - GOLD (3.5) KS RCB,XE05,ENGLISH GHW TPD2 DF,ENGLISH GHW TPD DF,93,IDM SWEDEN,SE,200,20,74,Overseas Trd. Co.,Overseas Trd. Co. (1109-100546),1109,PM WORLD TRADE,107,Overseas Trading,2,EU&LatAm Hub,9423,Nuance Europe,1,Dufry Global,4,Nuance,NOR,PMIDF NOR,13,Th.,1000,,1000,,USD,-12.88,-12.88
2023,1,1,January,1.01.2023,3622,COT 2023 ACT,AC,113,COT Projection,,120,Africa,238,North Africa,33,Egypt,AI,Airports,3,Airport Shop,55,Aswan,Aswan (Egypt-Airports),62,ASW,Aswan Intl Airport,859,ASW,Main Terminal,1446,Egypt Air TFS Aswan - Airport (Dep),D,Departure,27,North East Africa,Omar Abuelsenoun,O,Active,20647,RRP HTP Sticks HEETS - TURQUOISE SELECTION MENTHOL SLIMS WHITE - DF 30-0% ENG HW SH,20647,RRP HTP Sticks HEETS - TURQUOISE SELECTION MENTHOL SLIMS WHITE - DF 30-0% ENG HW SH,1,Consumables,M0101,RRP HTP Sticks,RRP HTP Sticks (Th.),1,P1,HEETS,HEETS,5891,RRP HTP Sticks HEETS - TURQUOISE SELECTION MENTHOL,RH05,DF 30-0% ENG HW SH,DF 30-0% ENG HW SHOVEL BLEND,1,-,,200,20,3047,Rash. EGYPT,Rash. EGYPT (1109-2465154),1109,PM WORLD TRADE,120,Rashideen Intl. Trd.,1,MEA Hub,8933,EGYPT AIR DUTY FREE SHOPS,,,,,NOR,PMIDF NOR,13,Th.,1000,,1000,,USD,68.947,68.947
2024,4,12,December,1.12.2024,3925,COT 2024 ACT,AC,113,COT Projection,,130,Eurasia,181,Turkey,116,Turkey,SH,Shipchandling,11,Ship,2202,Istanbul Zeyport Port,Istanbul Zeyport Port (Turkey-Shipchandling),,,,,,,92,Duzkoc Istanbul Zeyport,,,42,Turkey Borders & NTR,Emre Okten,O,Active,22336,MARLBORO - TOUCH BLUE KS DSP SLIMS WHITE - TURKEY DF,22336,MARLBORO - TOUCH BLUE KS DSP SLIMS WHITE - TURKEY DF,1,Consumables,F0101,Cigarettes,Cigarettes (Th.),2,CC,MARLB,MARLBORO,6447,MARLBORO - TOUCH BLUE KS DSP,TR05,TURKEY DF,TURKEY DF,1,-,,200,20,2934,DUZKOC TURIZM IT VE,DUZKOC TURIZM IT VE (3230-2166081),3230,PM TRAVEL RTL TR DF,49,Duzkoc Turizm VE,4,Istanbul Hub,7810,Duzkoc Turizm Ithalat ve Ihracat A.S.,,,,,NOR,PMIDF NOR,13,Th.,1000,,1000,,USD,-51,-51
2024,3,7,July,1.07.2024,3925,COT 2024 ACT,AC,113,COT Projection,,100,Europe,243,EU South,105,Spain,SH,Shipchandling,11,Ship,2306,Pasajes - Lezo,Pasajes - Lezo (Spain-Shipchandling),,,,,,,2886,Sumipesca S.A.,,,50,EU South-West,Dorian Portes,O,Active,22902,MARLBORO - RED 3.5 KS BOX - SPAIN DF - IDM SPAIN,22902,MARLBORO - RED 3.5 KS BOX - SPAIN DF - IDM SPAIN,1,Consumables,F0101,Cigarettes,Cigarettes (Th.),2,CC,MARLB,MARLBORO,6570,MARLBORO - RED 3.5 KS BOX,ES05,SPAIN DF,SPAIN DF,92,IDM SPAIN,ES,200,20,2960,CASEMATES IBERIA,CASEMATES IBERIA (1109-2239603),1109,PM WORLD TRADE,313,CASEMATES,4,Istanbul Hub,9552,Sumipesca S.A.,,,,,NOR,PMIDF NOR,13,Th.,1000,,1000,,EUR,10791.386,11714.09875
2024,4,10,October,1.10.2024,3925,COT 2024 ACT,AC,113,COT Projection,,107,Americas,215,Caribbean,129,Aruba,AI,Airports,3,Airport Shop,52,Oranjestad,Oranjestad (Aruba-Airports),68,AUA,Queen Beatrix Intl Airport,442,AUA,Main Terminal,6930,AUA-Aruba-Dufry Arrival,A,Arrival,8,Central America & Caribbean,Juan Zamorano,O,Active,22205,RRP HTP Sticks HEETS - PURPLE WAVE MENTHOL SLIMS WHITE - 30-0% ENG HW TXT DF,22205,RRP HTP Sticks HEETS - PURPLE WAVE MENTHOL SLIMS WHITE - 30-0% ENG HW TXT DF,1,Consumables,M0101,RRP HTP Sticks,RRP HTP Sticks (Th.),1,P1,HEETS,HEETS,6378,RRP HTP Sticks HEETS - PURPLE WAVE MENTHOL,RG05,30-0% ENG HW TXT DF,30-0% ENG HW TXT DF,1,-,,200,20,2930,"WEITNAUER, PANAMA","WEITNAUER, PANAMA (1109-2164800)",1109,PM WORLD TRADE,149,Weitnauer Distr. Ltd,2,EU&LatAm Hub,8758,Dufry Aruba N.V.,1,Dufry Global,2,Dufry,NOR,PMIDF NOR,13,Th.,1000,,1000,,USD,21.448,21.448
2025,2,4,April,1.04.2025,4192,COT 2025 ACT,AC,113,COT Projection,,104,China and SEA,34,China,23,China,AI,Airports,3,Airport Shop,82,Beijing,Beijing (China-Airports),719,PEK,Beijing Capital Intl Airport,392,PEK,Main Terminal,15526,Sunrise - BJ Daxing Int'l AP,B,Both,10,China,Jane Zhou,O,Active,23828,MARLBORO - SOL SHUFFLE MENTHOL KS BOS C MUL WHITE - CHINA DF - IDM CN05 SUNRISE DF (RS),23828,MARLBORO - SOL SHUFFLE MENTHOL KS BOS C MUL WHITE - CHINA DF - IDM CN05 SUNRISE DF (RS),1,Consumables,F0101,Cigarettes,Cigarettes (Th.),2,CC,MARLB,MARLBORO,6908,MARLBORO - SOL SHUFFLE MENTHOL KS BOS,CN05,CHINA DF,CHINA DF,60,IDM CN05 SUNRISE DF (RS),CN05-RS,200,20,3054,CDFI - BJ & SH,CDFI - BJ & SH (3226-2483258),3226,PM TRAVEL RTL HK,329,CDFG,3,Hong Kong Hub,9949,"CN (Sunrise BJ) - Sunrise Duty Free (China) Co., Ltd.",,,235,Sunrise Duty Free Group,NOR,PMIDF NOR,13,Th.,1000,,1000,,USD,3151.68,3151.68
2023,1,3,March,1.03.2023,3622,COT 2023 ACT,AC,113,COT Projection,,109,Japan and Korea,175,Japan,59,Japan,AI,Airports,19,Downtown shop,3481,Tokyo - Shinjuku,Tokyo - Shinjuku (Japan-Airports),,,,,,,14529,Lotte Duty Free Ginza,,,24,Japan,Isao Tatsuma,O,Active,19970,MARLBORO - FUSION BLAST 5 MENTHOL KS BOX C WHITE - JAPAN DF,19970,MARLBORO - FUSION BLAST 5 MENTHOL KS BOX C WHITE - JAPAN DF,1,Consumables,F0101,Cigarettes,Cigarettes (Th.),2,CC,MARLB,MARLBORO,4921,MARLBORO - FUSION BLAST 5 MENTHOL KS BOX,JP05,JAPAN DF,JAPAN DF,1,-,,200,20,3072,KK JALUX AIRPORT,KK JALUX Airport (1695-10052089),1695,PMJLTD,256,Generic Japan,3,Hong Kong Hub,12826,JP (Jalux) - Lotte Duty Free Ginza Co Ltd,,,,,NOR,PMIDF NOR,13,Th.,1000,,1000,,JPY,4718,35.31593803
2023,3,7,July,1.07.2023,3622,COT 2023 ACT,AC,113,COT Projection,,130,Eurasia,171,Israel,56,Israel,AI,Airports,3,Airport Shop,90,Tel-Aviv,Tel-Aviv (Israel-Airports),937,TLV,Ben Gurion Intl Airport,1112,TLV,Main Terminal,13538,JR Ben-Gurion Airport - CONCOURSE B,D,Departure,40,"Greece, Israel, Cyprus",Ozan Kucukkayikci,O,Active,21638,MARLBORO - (RED FWD) KS BOX - ISRAEL DF - IDM JR HEINEMANN,21638,MARLBORO - (RED FWD) KS BOX - ISRAEL DF - IDM JR HEINEMANN,1,Consumables,F0101,Cigarettes,Cigarettes (Th.),2,CC,MARLB,MARLBORO,4668,MARLBORO - (RED FWD) KS BOX,IL05,ISRAEL DF,ISRAEL DF,120,IDM JR HEINEMANN,JR,200,20,3051,JR - Heinemann DF,JR - Heinemann DF (1109-2468199),1109,PM WORLD TRADE,334,JR - Heinemann  DF,4,Istanbul Hub,4955,James Richardson Israel,,,11,James Richardson Duty Free,NOR,PMIDF NOR,13,Th.,1000,,1000,,USD,2381.76,2381.76
2023,3,7,July,1.07.2023,3622,COT 2023 ACT,AC,113,COT Projection,,120,Africa,238,North Africa,80,Morocco,AI,Airports,3,Airport Shop,225,Fes,Fes (Morocco-Airports),310,FEZ,Fes-Saïss Airport,729,FEZ,Main Terminal,6908,Dufry  Fes,D,Departure,28,North West Africa,Anass Benmessaoud,O,Active,17925,MARLBORO - (RED FWD) KS BOX 400 - NORTH AFRICA DF,23046,MARLBORO - RED 3.5 KS BOX 400 - GENERIC DF-ENG TXT,1,Consumables,F0101,Cigarettes,Cigarettes (Th.),2,CC,MARLB,MARLBORO,4669,MARLBORO - (RED FWD) KS BOX 400,DQ05,NORTH AFRICA DF,NORTH AFRICA DF,1,-,,400,20,2855,Intl Ops & Svcs MO,Intl Ops & Svcs MO (1109-100638),1109,PM WORLD TRADE,268,INTL OPS&SVCS,2,EU&LatAm Hub,8976,Dufry Travel (Morocco),1,Dufry Global,2,Dufry,NOR,PMIDF NOR,13,Th.,1000,,1000,,EUR,1216.058,1344.725979
2024,2,5,May,1.05.2024,3925,COT 2024 ACT,AC,113,COT Projection,,130,Eurasia,181,Turkey,116,Turkey,AI,Airports,3,Airport Shop,3635,Istanbul Airport,Istanbul Airport (Turkey-Airports),432,IST,Istanbul Airport,1107,IST,Main Terminal,15547,Unifree Istanbul Grand Departure Pier B4,D,Departure,41,Turkey Airports,Goksel Gozutok,O,Active,23178,PARLIAMENT - SILVER BLUE KS RCS WHITE - TURKEY DF,23178,PARLIAMENT - SILVER BLUE KS RCS WHITE - TURKEY DF,1,Consumables,F0101,Cigarettes,Cigarettes (Th.),2,CC,PARLI,PARLIAMENT,4963,PARLIAMENT - SILVER BLUE KS RCS,TR05,TURKEY DF,TURKEY DF,1,-,,200,20,2933,Heinemann - Turkey,Heinemann - Turkey (3230-2166079),3230,PM TRAVEL RTL TR DF,66,Gebr. Heinemann,4,Istanbul Hub,7806,UNIFREE DUTY FREE ISLETMECILIGI A.S.,2,Heinemann Global,41,Unifree,NOR,PMIDF NOR,13,Th.,1000,,1000,,EUR,98.63,106.6727764
2025,2,4,April,1.04.2025,4192,COT 2025 ACT,AC,113,COT Projection,,107,Americas,177,USA DF,119,United States,AI,Airports,3,Airport Shop,4414,Newark,Newark (United States-Airports),298,EWR,Newark Liberty Intl Airport,684,EWR,Main Terminal,17610,Newark,B,Both,45,USA DF,Shashank Bhatt,O,Active,25868,Nicotine Pouch (CAN) ZYN - SPEARMINT 6MG MENTHOL  STD 75  15 SLM ROL  - USA DOM,25868,Nicotine Pouch (CAN) ZYN - SPEARMINT 6MG MENTHOL  STD 75  15 SLM ROL  - USA DOM,1,Consumables,M0127,Nicotine Pouch (CAN),Nicotine Pouch (CAN) (Can),4,P5,ZYN,ZYN,7701,Nicotine Pouch (CAN) ZYN - SPEARMINT 6MG MENTHOL  STD 75,US04,USA DOM,UNITED STATES OF AMERICA DOM,1,-,,75,15,2930,"WEITNAUER, PANAMA","WEITNAUER, PANAMA (1109-2164800)",1109,PM WORLD TRADE,149,Weitnauer Distr. Ltd,2,EU&LatAm Hub,17839,DFA,,,,,NOR,PMIDF NOR,13,Can,1,,15,,USD,12574.957,12574.957
2024,4,12,December,1.12.2024,3925,COT 2024 ACT,AC,113,COT Projection,,100,Europe,243,EU South,91,Portugal,AI,Airports,3,Airport Shop,400,Lisbon,Lisbon (Portugal-Airports),538,LIS,Lisbon Portela Airport,793,LIS,Main Terminal,16660,Lisbon Duty Free Walkthrough,D,Departure,50,EU South-West,Dorian Portes,O,Active,24859,RRP HTP Sticks TEREA - TURQUOISE MENTHOL SLIMS WHITE - 30-30% ENG HW EU DF - IDM PORTUGAL,24859,RRP HTP Sticks TEREA - TURQUOISE MENTHOL SLIMS WHITE - 30-30% ENG HW EU DF - IDM PORTUGAL,1,Consumables,M0101,RRP HTP Sticks,RRP HTP Sticks (Th.),1,P1,TEREA,TEREA,6298,RRP HTP Sticks TEREA - TURQUOISE MENTHOL,RP05,30-30% ENG HW EU DF,30-30% ENG HW EU DF,88,IDM PORTUGAL,PT,200,20,74,Overseas Trd. Co.,Overseas Trd. Co. (1109-100546),1109,PM WORLD TRADE,107,Overseas Trading,2,EU&LatAm Hub,16508,PTDF Portugal Duty Free LDA,,,,,NOR,PMIDF NOR,13,Th.,1000,,1000,,EUR,13579.86,14292.53658
2023,2,5,May,1.05.2023,3622,COT 2023 ACT,AC,113,COT Projection,,130,Eurasia,181,Turkey,116,Turkey,AI,Airports,3,Airport Shop,311,Izmir Airport,Izmir Airport (Turkey-Airports),20,ADB,Adnan Menderes Airport,370,ADB,Main Terminal,5304,Atu Izmir Arrival 2,A,Arrival,41,Turkey Airports,Goksel Gozutok,O,Active,16914,MURATTI - ROSSO KS RCB 600 WHITE - TURKEY DF,16914,MURATTI - ROSSO KS RCB 600 WHITE - TURKEY DF,1,Consumables,F0101,Cigarettes,Cigarettes (Th.),2,CC,MURAT,MURATTI,4219,MURATTI - ROSSO KS RCB 600,TR05,TURKEY DF,TURKEY DF,1,-,,600,20,2933,Heinemann - Turkey,Heinemann - Turkey (3230-2166079),3230,PM TRAVEL RTL TR DF,66,Gebr. Heinemann,4,Istanbul Hub,7802,ATU Turkey,2,Heinemann Global,16,ATU,NOR,PMIDF NOR,13,Th.,1000,,1000,,EUR,285.48,310.5661402
2024,1,3,March,1.03.2024,3925,COT 2024 ACT,AC,113,COT Projection,,100,Europe,242,EU West,39,France,AI,Airports,3,Airport Shop,151,Paris Charles De Gaulle,Paris Charles De Gaulle (France-Airports),172,CDG,Charles de Gaulle Airport (Roissy Airport),541,CDG2E,Terminal 2E,11178,LSM1,D,Departure,17,EU West,Tomasz Zuzlik,O,Active,21805,MARLBORO - (RED FWD) KS BOX 400 TRANSPARENT BUNDLE - FRANCE DF GHW-FR05 - IDM FRANCE,21805,MARLBORO - (RED FWD) KS BOX 400 TRANSPARENT BUNDLE - FRANCE DF GHW-FR05 - IDM FRANCE,1,Consumables,F0101,Cigarettes,Cigarettes (Th.),2,CC,MARLB,MARLBORO,4669,MARLBORO - (RED FWD) KS BOX 400,FR05,FRANCE DF GHW-FR05,FRANCE DF GHW-FR05,73,IDM FRANCE,FR,400,20,98,Ets. M. Pons SA,Ets. M. Pons SA (1109-100556),1109,PM WORLD TRADE,59,Ets. M. Pons SA,2,EU&LatAm Hub,9434,Societe de Distribution Aeroportuaire SAS,3,Lagardere Global,6,Aelia,NOR,PMIDF NOR,13,Th.,1000,,1000,,EUR,761.88,828.3346427
2023,2,5,May,1.05.2023,3622,COT 2023 ACT,AC,113,COT Projection,,100,Europe,243,EU South,105,Spain,AI,Airports,3,Airport Shop,540,Palma De Mallorca,Palma De Mallorca (Spain-Airports),739,PMI,Palma de Mallorca Airport (Son Sant Joan Airport),869,PMI,Main Terminal,2952,WDFG Duty Free Shop - Main Shop,D,Departure,50,EU South-West,Dorian Portes,O,Active,21123,MARLBORO - (RED FWD) KS BOX 400 TRANSPARENT BUNDLE - SPAIN DF - IDM SPAIN,22901,MARLBORO - RED 3.5 KS BOX 400 TRANSPARENT BUNDLE - SPAIN DF - IDM SPAIN,1,Consumables,F0101,Cigarettes,Cigarettes (Th.),2,CC,MARLB,MARLBORO,4669,MARLBORO - (RED FWD) KS BOX 400,ES05,SPAIN DF,SPAIN DF,92,IDM SPAIN,ES,400,20,3089,DIAG,DIAG (1109-2505743),1109,PM WORLD TRADE,268,INTL OPS&SVCS,2,EU&LatAm Hub,6739,World Duty Free Group (Spain),1,Dufry Global,3,World Duty Free Group,NOR,PMIDF NOR,13,Th.,1000,,1000,,USD,-480.24,-480.24
2024,2,5,May,1.05.2024,3925,COT 2024 ACT,AC,113,COT Projection,,130,Eurasia,181,Turkey,116,Turkey,BO,Borders,1,Border,1011,Derekoy Turkey Bulgaria Border,Derekoy Turkey Bulgaria Border (Turkey/Bulgaria-Borders),,,,,,,14345,Derekoy Unifree Departure / TR Bulgaria Border,D,Departure,42,Turkey Borders & NTR,Emre Okten,O,Active,20008,MARLBORO - DOUBLE FUSION PURPLE KS RCB 600 C SPECIAL OUTER WHITE - TURKEY DF,23691,MARLBORO - DOUBLE FUSION PURPLE MENTHOL KS RCB 600 C SPECIAL OUTER WHITE - TURKEY DF,1,Consumables,F0101,Cigarettes,Cigarettes (Th.),2,CC,MARLB,MARLBORO,5661,MARLBORO - DOUBLE FUSION PURPLE KS RCB 600,TR05,TURKEY DF,TURKEY DF,1,-,,600,20,2933,Heinemann - Turkey,Heinemann - Turkey (3230-2166079),3230,PM TRAVEL RTL TR DF,66,Gebr. Heinemann,4,Istanbul Hub,7806,UNIFREE DUTY FREE ISLETMECILIGI A.S.,2,Heinemann Global,41,Unifree,NOR,PMIDF NOR,13,Th.,1000,,1000,,EUR,111.6,120.7004141
2025,1,3,March,1.03.2025,4192,COT 2025 ACT,AC,113,COT Projection,,110,Middle East,183,ISC & Afghanistan,175,Afghanistan,BO,Borders,1,Border,1044,Hairatan,Hairatan (Afghanistan/Uzbekistan-Borders),,,,,,,6840,Hairatan Border Shop,D,Departure,21,Iraq & Afghanistan,Ghazi Jaafar,O,Active,21757,MARLBORO - GOLD (3.5) KS RCS WHITE - GENERIC DF-ENG TXT,21757,MARLBORO - GOLD (3.5) KS RCS WHITE - GENERIC DF-ENG TXT,1,Consumables,F0101,Cigarettes,Cigarettes (Th.),2,CC,MARLB,MARLBORO,6101,MARLBORO - GOLD (3.5) KS RCS,GX05,GENERIC DF-ENG TXT,GENERIC DF-ENG TXT,1,-,,200,20,741,Habib Gulzar,Habib Gulzar (1109-100584),1109,PM WORLD TRADE,238,Habib Gulzar,1,MEA Hub,9043,Hairatan Border Shop,,,,,NOR,PMIDF NOR,13,Th.,1000,,1000,,USD,17680,17680
2024,2,6,June,1.06.2024,3925,COT 2024 ACT,AC,113,COT Projection,,130,Eurasia,235,Greece & Cyprus,47,Greece,AI,Airports,3,Airport Shop,598,Rhodes,Rhodes (Greece-Airports),795,RHO,Rhodes Intl Airport,511,RHO,Main Terminal,625,Rhodes Airport,D,Departure,40,"Greece, Israel, Cyprus",Ozan Kucukkayikci,O,Active,23127,RRP HTP Sticks TEREA - SIENNA UND SLIMS WHITE - 30-30% ENG HW EU DF,23127,RRP HTP Sticks TEREA - SIENNA UND SLIMS WHITE - 30-30% ENG HW EU DF,1,Consumables,M0101,RRP HTP Sticks,RRP HTP Sticks (Th.),1,P1,TEREA,TEREA,6296,RRP HTP Sticks TEREA - SIENNA,RP05,30-30% ENG HW EU DF,30-30% ENG HW EU DF,1,-,,200,20,2994,DFS - Greece,DFS - Greece (1109-2378530),1109,PM WORLD TRADE,268,INTL OPS&SVCS,4,Istanbul Hub,5014,Hellenic Duty Free Shops S.A.,1,Dufry Global,26,Folli Follie,NOR,PMIDF NOR,13,Th.,1000,,1000,,EUR,814,876.1123344
2024,3,9,September,1.09.2024,3925,COT 2024 ACT,AC,113,COT Projection,,110,Middle East,302,GCC & Yemen,64,Kuwait,AI,Airports,3,Airport Shop,367,Kuwait,Kuwait (Kuwait-Airports),500,KWI,Kuwait Intl Airport,7555,KWI,Main Terminal,15069,822T809-Kuwait Jazeera Terminal Departures Shop_5520_25,D,Departure,18,GCC & Yemen,Efe Dogruoglu,O,Active,21760,MARLBORO - GOLD (3.5) KS RCS 600 SPECIAL OUTER WHITE - GENERIC DF-ENG TXT,21760,MARLBORO - GOLD (3.5) KS RCS 600 SPECIAL OUTER WHITE - GENERIC DF-ENG TXT,1,Consumables,F0101,Cigarettes,Cigarettes (Th.),2,CC,MARLB,MARLBORO,6103,MARLBORO - GOLD (3.5) KS RCS 600,GX05,GENERIC DF-ENG TXT,GENERIC DF-ENG TXT,1,-,,600,20,3045,Rash. GCC,Rash. GCC (1109-2465151),1109,PM WORLD TRADE,120,Rashideen Intl. Trd.,1,MEA Hub,9077,World Duty Free Group (Middle East),1,Dufry Global,3,World Duty Free Group,NOR,PMIDF NOR,13,Th.,1000,,1000,,USD,64299.467,64299.467
2024,1,1,January,1.01.2024,3925,COT 2024 ACT,AC,113,COT Projection,,100,Europe,243,EU South,207,Spain DP,AI,Airports,3,Airport Shop,29,Alicante,Alicante (Spain DP-Airports),40,ALC,Alicante-Elche Airport,724,ALC,Main Terminal,10877,WDFG Duty Free Shop (Alicante Main Shop) DP,D,Departure,50,EU South-West,Dorian Portes,O,Active,22601,RRP HTP Sticks TEREA - TEAK SLIMS WHITE - SPAIN RRP DOM,22601,RRP HTP Sticks TEREA - TEAK SLIMS WHITE - SPAIN RRP DOM,1,Consumables,M0101,RRP HTP Sticks,RRP HTP Sticks (Th.),1,P1,TEREA,TEREA,6297,RRP HTP Sticks TEREA - TEAK,ES07,SPAIN RRP DOM,SPAIN RRP DOM,1,-,,200,20,3089,DIAG,DIAG (1109-2505743),1109,PM WORLD TRADE,268,INTL OPS&SVCS,2,EU&LatAm Hub,6739,World Duty Free Group (Spain),1,Dufry Global,3,World Duty Free Group,NOR,PMIDF NOR,13,Th.,1000,,1000,,USD,-68.846,-68.846
2023,2,5,May,1.05.2023,3622,COT 2023 ACT,AC,113,COT Projection,,107,Americas,287,South America,3,Argentina,AI,Airports,3,Airport Shop,453,Mendoza,Mendoza (Argentina-Airports),588,MDZ,Gov. Francisco Gabrielli Intl Airport (El Plumerillo),1192,MDZ,Main Terminal,6195,Mendoza L16 Departure,D,Departure,30,South America,Camila Longano,O,Active,22733,MARLBORO - RED 3.5 KS BOX 600 SPECIAL OUTER WHITE - ARGENTINA DF,22733,MARLBORO - RED 3.5 KS BOX 600 SPECIAL OUTER WHITE - ARGENTINA DF,1,Consumables,F0101,Cigarettes,Cigarettes (Th.),2,CC,MARLB,MARLBORO,6573,MARLBORO - RED 3.5 KS BOX 600,AR05,ARGENTINA DF,ARGENTINA DF,1,-,,600,20,718,Intl. Op. Serv. Co.,Intl. Op. Serv. Co. (1109-100580),1109,PM WORLD TRADE,80,Intl. Op. & Services,2,EU&LatAm Hub,8756,Interbaires S.A.,1,Dufry Global,2,Dufry,NOR,PMIDF NOR,13,Th.,1000,,1000,,USD,476.91,476.91
2025,2,6,June,1.06.2025,4192,COT 2025 ACT,AC,113,COT Projection,,130,Eurasia,181,Turkey,116,Turkey,BO,Borders,1,Border,1079,Kapikule Turkey Bulgaria Border,Kapikule Turkey Bulgaria Border (Turkey/Bulgaria-Borders),,,,,,,16786,Setur Kapikule Truck Departure Express / TR Bulgaria Border,D,Departure,42,Turkey Borders & NTR,Emre Okten,O,Active,22929,MARLBORO - RED 3.5 100's SOFT 400 TRANSPARENT BUNDLE - TURKEY DF,22929,MARLBORO - RED 3.5 100's SOFT 400 TRANSPARENT BUNDLE - TURKEY DF,1,Consumables,F0101,Cigarettes,Cigarettes (Th.),2,CC,MARLB,MARLBORO,6597,MARLBORO - RED 3.5 100's SOFT 400,TR05,TURKEY DF,TURKEY DF,1,-,,400,20,2932,SETUR SERVIS TU A.S.,SETUR SERVIS TU A.S. (3230-2166078),3230,PM TRAVEL RTL TR DF,129,Setur Servis Turist.,4,Istanbul Hub,7563,Setur Servis Turistik A.S,,,,,NOR,PMIDF NOR,13,Th.,1000,,1000,,EUR,108.12,123.5699086
2024,2,6,June,1.06.2024,3925,COT 2024 ACT,AC,113,COT Projection,,100,Europe,243,EU South,207,Spain DP,AI,Airports,3,Airport Shop,430,Malaga,Malaga (Spain DP-Airports),31,AGP,Malaga Airport,127,AGP,Main Terminal,10891,WDFG Duty Free Shop T North nº 1 # 921 DP,D,Departure,50,EU South-West,Dorian Portes,O,Active,21153,MARLBORO - GOLD (3.5) KS RCB 400 TRANSPARENT BUNDLE - SPAIN DF - IDM SPAIN,21153,MARLBORO - GOLD (3.5) KS RCB 400 TRANSPARENT BUNDLE - SPAIN DF - IDM SPAIN,1,Consumables,F0101,Cigarettes,Cigarettes (Th.),2,CC,MARLB,MARLBORO,6035,MARLBORO - GOLD (3.5) KS RCB 400,ES05,SPAIN DF,SPAIN DF,92,IDM SPAIN,ES,400,20,3089,DIAG,DIAG (1109-2505743),1109,PM WORLD TRADE,268,INTL OPS&SVCS,2,EU&LatAm Hub,6739,World Duty Free Group (Spain),1,Dufry Global,3,World Duty Free Group,NOR,PMIDF NOR,13,Th.,1000,,1000,,USD,-3.68,-3.68
2023,4,12,December,1.12.2023,3622,COT 2023 ACT,AC,113,COT Projection,,130,Eurasia,181,Turkey,116,Turkey,AI,Airports,3,Airport Shop,10,Adana Airport,Adana Airport (Turkey-Airports),19,ADA,Adana SakirpaSa Airport,221,ADA,Main Terminal,6656,Sun Adana Arrival,A,Arrival,41,Turkey Airports,Goksel Gozutok,O,Active,19454,MARLBORO - (GOLD 3.0) KS RCB - TURKEY DF,21528,MARLBORO - GOLD (3.5) KS RCB - TURKEY DF,1,Consumables,F0101,Cigarettes,Cigarettes (Th.),2,CC,MARLB,MARLBORO,5485,MARLBORO - (GOLD 3.0) KS RCB,TR05,TURKEY DF,TURKEY DF,1,-,,200,20,2932,SETUR SERVIS TU A.S.,SETUR SERVIS TU A.S. (3230-2166078),3230,PM TRAVEL RTL TR DF,129,Setur Servis Turist.,4,Istanbul Hub,7054,Sun Turizm Ins. Teks. San. Tic. A.S,,,,,NOR,PMIDF NOR,13,Th.,1000,,1000,,EUR,2038.4,2216.666463
2024,2,6,June,1.06.2024,3925,COT 2024 ACT,AC,113,COT Projection,,109,Japan and Korea,175,Japan,59,Japan,AI,Airports,3,Airport Shop,490,Tokyo - Narita,Tokyo - Narita (Japan-Airports),671,NRT,Narita Intl Airport (formerly New Tokyo Intl),1084,NRT3,Terminal 3,13656,Fa-So-La ARRIVAL DUTY FREE (T3),A,Arrival,24,Japan,Akiko Tanaka,O,Active,19964,MARLBORO - W-BURST (2.0) MENTHOL KS BOX C WHITE - JAPAN DF,19964,MARLBORO - W-BURST (2.0) MENTHOL KS BOX C WHITE - JAPAN DF,1,Consumables,F0101,Cigarettes,Cigarettes (Th.),2,CC,MARLB,MARLBORO,4845,MARLBORO - W-BURST (2.0) MENTHOL KS BOX,JP05,JAPAN DF,JAPAN DF,1,-,,200,20,3074,NAA RETAILING CORP.,NAA RETAILING CORP. (1695-10093751),1695,PMJLTD,256,Generic Japan,3,Hong Kong Hub,8573,JP (NAA) - Narita Retailing Corporation,,,,,NOR,PMIDF NOR,13,Th.,1000,,1000,,JPY,9436,59.68220462
2024,1,2,February,1.02.2024,3925,COT 2024 ACT,AC,113,COT Projection,,109,Japan and Korea,175,Japan,59,Japan,AI,Airports,3,Airport Shop,329,Osaka - Kansai,Osaka - Kansai (Japan-Airports),477,KIX,Kansai Intl Airport,170,KIX,Main Terminal,16954,KRS T1 NORTH WINGEND,D,Departure,24,Japan,Isao Tatsuma,O,Active,23267,RRP HTP Sticks TEREA - OASIS PEARL MENTHOL C PSW SLIMS WHITE - JAPAN DOM,23249,RRP HTP Sticks TEREA - OASIS PEARL MENTHOL C UND SLIMS WHITE - JAPAN DF,1,Consumables,M0101,RRP HTP Sticks,RRP HTP Sticks (Th.),1,P1,TEREA,TEREA,6669,RRP HTP Sticks TEREA - OASIS PEARL MENTHOL,JP04,JAPAN DOM,JAPAN DOM,1,-,,200,20,3075,KANSAI AIRPORTS R&S,KANSAI AIRPORTS R&S (1695-10101820),1695,PMJLTD,256,Generic Japan,3,Hong Kong Hub,8599,JP (KAA) - Kansai Airport Agency Co. Ltd.,,,,,NOR,PMIDF NOR,13,Th.,1000,,1000,,JPY,45318,302.8967
2024,2,5,May,1.05.2024,3925,COT 2024 ACT,AC,113,COT Projection,,130,Eurasia,181,Turkey,116,Turkey,BO,Borders,1,Border,1042,Gurbulak Turkey Iranian Border,Gurbulak Turkey Iranian Border (Turkey/Iran-Borders),,,,,,,16537,Setur Gurbulak Departure / TR Iran Border,D,Departure,42,Turkey Borders & NTR,Emre Okten,O,Active,13334,PARLIAMENT - SUPER SLIMS 100's RCB SUPERSLIMS WHITE - TURKEY DF,4311,PARLIAMENT - SUPER SLIMS 100's BOX SUPERSLIMS WHITE - TURKEY DF,1,Consumables,F0101,Cigarettes,Cigarettes (Th.),2,CC,PARLI,PARLIAMENT,3895,PARLIAMENT - SUPER SLIMS 100's RCB,TR05,TURKEY DF,TURKEY DF,1,-,,200,20,2932,SETUR SERVIS TU A.S.,SETUR SERVIS TU A.S. (3230-2166078),3230,PM TRAVEL RTL TR DF,129,Setur Servis Turist.,4,Istanbul Hub,7563,Setur Servis Turistik A.S,,,,,NOR,PMIDF NOR,13,Th.,1000,,1000,,EUR,788.392,852.68137
2024,3,9,September,1.09.2024,3925,COT 2024 ACT,AC,113,COT Projection,,107,Americas,215,Caribbean,32,Dominican Republic,AI,Airports,3,Airport Shop,2675,La Romana,La Romana (Dominican Republic-Airports),555,LRM,La Romana Intl Airport (Casa de Campo Intl Airport),925,LRM,Main Terminal,5880,LRM-Departure Shop,D,Departure,8,Central America & Caribbean,Juan Zamorano,O,Active,23711,MARLBORO - GOLD (3.5) KS RCB 400 TRANSPARENT BUNDLE - GENERIC DF-ENG TXT - ALTERNATIVE,23711,MARLBORO - GOLD (3.5) KS RCB 400 TRANSPARENT BUNDLE - GENERIC DF-ENG TXT - ALTERNATIVE,1,Consumables,F0101,Cigarettes,Cigarettes (Th.),2,CC,MARLB,MARLBORO,6035,MARLBORO - GOLD (3.5) KS RCB 400,GX05,GENERIC DF-ENG TXT,GENERIC DF-ENG TXT,118,ALTERNATIVE,ALTER,400,20,2930,"WEITNAUER, PANAMA","WEITNAUER, PANAMA (1109-2164800)",1109,PM WORLD TRADE,149,Weitnauer Distr. Ltd,2,EU&LatAm Hub,8847,Inversiones Pánamo S.A.,1,Dufry Global,2,Dufry,NOR,PMIDF NOR,13,Th.,1000,,1000,,USD,153.72,153.72
2025,2,4,April,1.04.2025,4192,COT 2025 ACT,AC,113,COT Projection,,130,Eurasia,235,Greece & Cyprus,47,Greece,AI,Airports,3,Airport Shop,56,Athens,Athens (Greece-Airports),63,ATH,Eleftherios Venizelos Airport,1144,ATH,Main Terminal,618,ATHENS INTL AIRPORT ,D,Departure,40,"Greece, Israel, Cyprus",Ozan Kucukkayikci,O,Active,24851,Nicotine Pouch (CAN) ZYN - COOL MINT S4 MENTHOL  STD 105  21 SLM  - NIC POUCH-DF-ENG CLP,24222,Nicotine Pouch (CAN) ZYN - COOLING MINT S4 MENTHOL  STD 105  21 SLIMS TRANSPARENT BUNDLE  - NIC POUCH-DF-ENG CLP,1,Consumables,M0127,Nicotine Pouch (CAN),Nicotine Pouch (CAN) (Can),4,P5,ZYN,ZYN,7035,Nicotine Pouch (CAN) ZYN - COOL MINT S4 MENTHOL  STD 105,FV05,NIC POUCH-DF-ENG CLP,NIC POUCH-DF-ENG CLP,1,-,,105,21,2994,DFS - Greece,DFS - Greece (1109-2378530),1109,PM WORLD TRADE,268,INTL OPS&SVCS,4,Istanbul Hub,5014,Hellenic Duty Free Shops S.A.,1,Dufry Global,26,Folli Follie,NOR,PMIDF NOR,13,Can,1,,21,,EUR,783,879.6906724
2024,3,9,September,1.09.2024,3925,COT 2024 ACT,AC,113,COT Projection,,110,Middle East,302,GCC & Yemen,8,Bahrain,AI,Airports,3,Airport Shop,2966,Manama,Manama (Bahrain-Airports),76,BAH,Bahrain Intl Airport,423,BAH,Main Terminal,3509,Bahrain Duty Free Departure,D,Departure,18,GCC & Yemen,Efe Dogruoglu,O,Active,23569,RRP HTP Main Kit IQOS ILUMA - PRIME OBSIDIAN BLACK   OPK 1   1   - BAHRAIN DOM,23569,RRP HTP Main Kit IQOS ILUMA - PRIME OBSIDIAN BLACK   OPK 1   1   - BAHRAIN DOM,5,Devices,M0401,RRP HTP Main Kit,RRP HTP Main Kit (Box),1,P1,IQO1,IQOS ILUMA,6200,RRP HTP Main Kit IQOS ILUMA - PRIME OBSIDIAN BLACK   OPK 1,BH04,BAHRAIN DOM,BAHRAIN DOMESTIC,1,-,,1,1,3045,Rash. GCC,Rash. GCC (1109-2465151),1109,PM WORLD TRADE,120,Rashideen Intl. Trd.,1,MEA Hub,8922,Bahrain Duty Free,,,7,Aer Rianta International,NOR,PMIDF NOR,13,Box,1,,,,USD,1501.164,1501.164
2023,2,5,May,1.05.2023,3622,COT 2023 ACT,AC,113,COT Projection,,110,Middle East,214,Levant,60,Jordan,AI,Airports,3,Airport Shop,33,Amman,Amman (Jordan-Airports),47,AMM,Queen Alia Intl Airport,683,AMM,Main Terminal,2315,Amman Airport Duty Free Departure Shop,D,Departure,25,Levant,Chadi Jabak,O,Active,22043,RRP HTP Sticks HEETS DIMENSIONS - AMMIL MENTHOL SLIMS WHITE - DF 30-0% ENG HW SH,22043,RRP HTP Sticks HEETS DIMENSIONS - AMMIL MENTHOL SLIMS WHITE - DF 30-0% ENG HW SH,1,Consumables,M0101,RRP HTP Sticks,RRP HTP Sticks (Th.),1,P1,H1,HEETS DIMENSIONS,6066,RRP HTP Sticks HEETS DIMENSIONS - AMMIL MENTHOL,RH05,DF 30-0% ENG HW SH,DF 30-0% ENG HW SHOVEL BLEND,1,-,,200,20,3090,Rash. JORDAN,Rash. JORDAN (1109-2508475),1109,PM WORLD TRADE,120,Rashideen Intl. Trd.,1,MEA Hub,9077,World Duty Free Group (Middle East),1,Dufry Global,3,World Duty Free Group,NOR,PMIDF NOR,13,Th.,1000,,1000,,USD,3681.562,3681.562
2023,3,8,August,1.08.2023,3622,COT 2023 ACT,AC,113,COT Projection,,130,Eurasia,181,Turkey,116,Turkey,BO,Borders,1,Border,1043,Habur  Turkey Iraq Border,Habur  Turkey Iraq Border (Turkey/Iraq-Borders),,,,,,,16147,Setur Habur Pax Departure / TR Iraq Border,D,Departure,42,Turkey Borders & NTR,Emre Okten,O,Active,23175,PARLIAMENT - SILVER BLUE KS RCS 600 WHITE - TURKEY DF,23927,PARLIAMENT - SILVER BLUE KS RCS 600 TRANSPARENT BUNDLE WHITE - TURKEY DF,1,Consumables,F0101,Cigarettes,Cigarettes (Th.),2,CC,PARLI,PARLIAMENT,6627,PARLIAMENT - SILVER BLUE KS RCS 600,TR05,TURKEY DF,TURKEY DF,1,-,,600,20,2932,SETUR SERVIS TU A.S.,SETUR SERVIS TU A.S. (3230-2166078),3230,PM TRAVEL RTL TR DF,129,Setur Servis Turist.,4,Istanbul Hub,7563,Setur Servis Turistik A.S,,,,,NOR,PMIDF NOR,13,Th.,1000,,1000,,EUR,2815.59,3071.809317
2024,3,7,July,1.07.2024,3925,COT 2024 ACT,AC,113,COT Projection,,120,Africa,238,North Africa,115,Tunisia,AI,Airports,3,Airport Shop,464,Monastir,Monastir (Tunisia-Airports),604,MIR,Monastir Habib Bourguiba Intl Airport,457,MIR,Main Terminal,7551,"ATU - Heinemann, Departures",D,Departure,28,North West Africa,Anass Benmessaoud,O,Active,21985,CHESTERFIELD - ORIGINAL (4.0) KS BOX - GENERIC DF-ENG TXT,21985,CHESTERFIELD - ORIGINAL (4.0) KS BOX - GENERIC DF-ENG TXT,1,Consumables,F0101,Cigarettes,Cigarettes (Th.),2,CC,CHEST,CHESTERFIELD,6113,CHESTERFIELD - ORIGINAL (4.0) KS BOX,GX05,GENERIC DF-ENG TXT,GENERIC DF-ENG TXT,1,-,,200,20,2967,COBWEB HEINEMANN,COBWEB HEINEMANN (1109-2270300),1109,PM WORLD TRADE,267,Cobweb Distrib. SA,4,Istanbul Hub,8742,ATU Tunisia,2,Heinemann Global,16,ATU,NOR,PMIDF NOR,13,Th.,1000,,1000,,USD,-6.332,-6.332
2024,4,10,October,1.10.2024,3925,COT 2024 ACT,AC,113,COT Projection,,110,Middle East,302,GCC & Yemen,121,United Arab Emirates,AI,Airports,3,Airport Shop,201,Dubai,Dubai (United Arab Emirates-Airports),273,DXB,Dubai Intl Airport,778,DXB1,Terminal 1,13109,CD At Your Service East,D,Departure,43,GCC / UAE,Patrick Awad,O,Active,22208,RRP HTP Sticks TEREA - SILVER SLIMS WHITE - UAE DF,22208,RRP HTP Sticks TEREA - SILVER SLIMS WHITE - UAE DF,1,Consumables,M0101,RRP HTP Sticks,RRP HTP Sticks (Th.),1,P1,TEREA,TEREA,6303,RRP HTP Sticks TEREA - SILVER,AE05,UAE DF,UNITED ARAB EMIRATES DF,1,-,,200,20,3045,Rash. GCC,Rash. GCC (1109-2465151),1109,PM WORLD TRADE,120,Rashideen Intl. Trd.,1,MEA Hub,9002,Dubai Duty Free,,,238,Dubai Duty Free,NOR,PMIDF NOR,13,Th.,1000,,1000,,USD,622.172,622.172